text,category,severity
"Unmarked and unpainted speed breaker on Circular Road without reflectors, vehicles violently jumping.",Urban Infrastructure,MEDIUM
"Cold storage plant cooling gas leaked, ruining entire stored potato and tomato harvest in Ramgarh.",Agriculture,CRITICAL
Clean drinking water dispenser not working in hospital OPD waiting lounge in Sahebganj.,Healthcare,LOW
"Main storm drain culvert collapsed under truck weight, half the road completely severed in Koderma.",Urban Infrastructure,HIGH
Herd of wild boars and elephants destroying standing sugarcane crops nightly in farm belt Ramgarh.,Agriculture,HIGH
"Middle school in Gumla has no functional toilet for girl students, causing massive dropouts.",Education,HIGH
"Cold storage plant cooling gas leaked, ruining entire stored potato and tomato harvest in Deoghar.",Agriculture,CRITICAL
Commercial slaughterhouse dumping animal entrails and blood directly into open municipal drain in Jamtara.,Sanitation,HIGH
"Solar street light battery backup discharged, light turning off by 10 PM in Chatra.",Energy,LOW
"Commercial private trucks parking illegally on both lanes of narrow highway Hospital Road, causing daily fatal crashes.",Transportation,HIGH
School playground in Ramgarh taken over by unauthorized parked commercial vehicles.,Education,MEDIUM
Farmer credit card passbook printer out of paper at rural bank branch Dumka.,Agriculture,LOW
"Dialysis unit machines broken down, chronic kidney patients turned away without treatment in Gumla.",Healthcare,HIGH
Gang of anti-social youth eve-teasing and harassing female students daily outside coaching hub in Gumla.,Public Safety,HIGH
Massive forest fire spreading uncontrolled toward tribal settlements and wildlife habitat in Pakur.,Environment,CRITICAL
"Distribution transformer caught fire and exploded, fire spreading toward adjacent residential huts in Jamshedpur.",Energy,CRITICAL
Slight brownish discoloration noticed in morning tap water for past two days in Giridih.,Water Management,LOW
"Government grain mandi delaying procurement, farmers' harvested grain soaked in rain in open yard at Jamshedpur.",Agriculture,HIGH
"Electric pole broken at base by storm, leaning directly over tin roof of occupied house in Palamu.",Energy,CRITICAL
Water pipeline breach drowned three cows and flooded electrical sub-station near Ring Road.,Water Management,CRITICAL
"Street dustbin missing lid, stray dogs scattering waste in Garhwa.",Sanitation,LOW
"Extreme shortage of essential medicines, paracetamol, and ORS packets in primary health clinic Deoghar.",Healthcare,HIGH
Toxic fly ash slurry dam breach flooded village agricultural fields with hazardous sludge near Khunti.,Environment,CRITICAL
Rainwater pooling at street corner due to faulty road gradient on GT Road in Simdega.,Urban Infrastructure,MEDIUM
Drip irrigation government subsidy disbursement delayed for over 8 months in Chatra.,Agriculture,MEDIUM
"Hailstorm and gale winds flattened standing crops across village Ranchi, farmers facing total bankruptcy.",Agriculture,CRITICAL
State transport bus operating with completely worn bald tires and failing hydraulic brakes on hill route near West Singhbhum.,Transportation,CRITICAL
Minor cracks appearing on walking promenade footpath in public park at Dhanbad.,Urban Infrastructure,LOW
Unauthorized commercial advertising banners blocking driver visibility at road turning in Lohardaga.,Public Safety,LOW
Divider break on fast expressway in Palamu causing tractors and two-wheelers to drive on wrong side.,Urban Infrastructure,HIGH
"Street dustbin missing lid, stray dogs scattering waste in Sahebganj.",Sanitation,LOW
Agricultural extension officer not available on scheduled field visit day in Deoghar.,Agriculture,LOW
Open electrical feeder pillar box with live bare busbars standing unlocked outside children's park in Chaibasa.,Energy,CRITICAL
Request for additional bus stop shelter along newly developed residential sector in West Singhbhum.,Transportation,LOW
Rainwater pooling at street corner due to faulty road gradient on Station Road in Chaibasa.,Urban Infrastructure,MEDIUM
"Bridge approach road collapsed, leaving public transport buses stranded on ledge near Godda.",Transportation,CRITICAL
Shared auto drivers driving rashly on wrong side of highway and charging 3x metered fare in Simdega.,Transportation,MEDIUM
State transport buses regularly skipping designated village bus stops in West Singhbhum.,Transportation,MEDIUM
Request for tree plantation drive along newly expanded 4-lane avenue in Chaibasa.,Environment,LOW
Pedestrian subway flooded with 5 feet of stormwater and live electrical wires submerged in water.,Urban Infrastructure,CRITICAL
"Contractual teachers going on indefinite strike, leaving school completely shut for 4 days in Simdega.",Education,HIGH
Sticker bills and posters defacing newly painted public sanitation facility in Giridih.,Sanitation,LOW
Staff at government health sub-centre in Palamu demanding illicit money for issuing vaccination certificates.,Healthcare,MEDIUM
"Main feeder water line ruptured by telecom JCB digging along Circular Road, continuous massive water wastage.",Water Management,HIGH
Fallen autumn leaves accumulated in street gutters in sector 2 of Chaibasa.,Sanitation,LOW
Water pipeline breach drowned three cows and flooded electrical sub-station near Airport Road.,Water Management,CRITICAL
"Canal embankment breached by heavy flow, submerging 200 acres of paddy fields and farmers' huts in Garhwa.",Agriculture,CRITICAL
Hospital blood bank has zero units of all blood groups during emergency accident influx in Dhanbad.,Healthcare,CRITICAL
Pesticide dumping caused sudden death of thousands of fish in community lake at Godda.,Environment,HIGH
"No tap water supply in West Singhbhum for past 2 days, residents forced to purchase private tankers at huge rates.",Water Management,HIGH
Pavement curbs need repainting in reflective yellow paint along Hospital Road.,Urban Infrastructure,LOW
Emergency Police dial 112 / 100 helpline calls ringing unanswered during violent burglary distress in Sahebganj.,Public Safety,CRITICAL
Pack of aggressive rabid stray dogs attacked and mauled multiple senior citizens and children in Hazaribagh.,Public Safety,HIGH
"Complete groundwater depletion in Dumka, borewells pumping sand, emergency relief tankers urgently needed.",Water Management,CRITICAL
"Street dustbin missing lid, stray dogs scattering waste in West Singhbhum.",Sanitation,LOW
Dangerous blind hairpin curve on ghat road Hazaribagh has broken safety crash barriers and zero reflectors.,Transportation,HIGH
Stretcher and wheelchair wheels broken at entrance of government clinic in Saraikela.,Healthcare,MEDIUM
Labor room in maternal care clinic Deoghar has no running water or sterile equipment.,Healthcare,HIGH
Deforestation and unmonitored hill cutting leading to soil erosion onto roads during monsoons in Chatra.,Environment,MEDIUM
Potholes at bus terminal depot damaging public vehicle axles and stalling departures in Chatra.,Transportation,MEDIUM
"Distribution transformer caught fire and exploded, fire spreading toward adjacent residential huts in Pakur.",Energy,CRITICAL
Child immunization camp date postponed twice without notifying parents in Simdega.,Healthcare,MEDIUM
Mosquito breeding epidemic in Chatra due to stagnant black sewage water in uncleaned open drains.,Sanitation,HIGH
Display board showing doctor consultation timings missing outside health clinic Dhanbad.,Healthcare,LOW
"Government ambulance dial 108 helpline not answering, pregnant patient died en route in Jamtara.",Healthcare,CRITICAL
"Main feeder water line ruptured by telecom JCB digging along GT Road, continuous massive water wastage.",Water Management,HIGH
Construction and demolition debris dumped openly on dry riverbed near Hospital Road.,Environment,MEDIUM
Pack of aggressive rabid stray dogs attacked and mauled multiple senior citizens and children in Saraikela.,Public Safety,HIGH
"Open deep stone quarry pit filled with 40 feet of stagnant water without fencing, child drowned yesterday in Jamshedpur.",Public Safety,CRITICAL
Armed gang carrying out chain snatching and robberies on dark bypass stretch of Circular Road after 8 PM.,Public Safety,CRITICAL
Government high school in Khunti has no math or science teacher for the entire academic year.,Education,HIGH
Primary Health Centre in Dhanbad has no medical doctor present for the past 14 days.,Healthcare,HIGH
Bio-medical hazardous waste including infected needles and bandages dumped in open field behind hospital Dhanbad.,Healthcare,HIGH
Underground pipe leak causing clean drinking water to pool on the street near GT Road.,Water Management,MEDIUM
"Community water tap handle rusted and broken, water dripping continuously in Simdega.",Water Management,MEDIUM
Crater-sized deep pothole on fast lane of Station Road caused three consecutive car rollover accidents last night.,Urban Infrastructure,CRITICAL
"Ceiling plaster fell on elementary students during classes, three children injured in school at Chaibasa.",Education,CRITICAL
Market vegetable vendors dumping rotten produce directly into open stormwater drains in Garhwa.,Sanitation,MEDIUM
"Government grain mandi delaying procurement, farmers' harvested grain soaked in rain in open yard at West Singhbhum.",Agriculture,HIGH
"Underground electrical cable burnt, whole commercial market in total darkness for 1 days in Jamtara.",Energy,HIGH
Transformer overloaded and tripping every 20 minutes across 400 households in ward 11 of Godda.,Energy,HIGH
Open uncovered manhole on unlit road of Airport Road resulted in motorcycle rider falling in and suffering critical head injury.,Urban Infrastructure,CRITICAL
"No electricity connection in rural school Lohardaga, children sitting in dark classrooms in 43°C summer.",Education,HIGH
Staff at government health sub-centre in Chatra demanding illicit money for issuing vaccination certificates.,Healthcare,MEDIUM
"Cold storage plant cooling gas leaked, ruining entire stored potato and tomato harvest in Godda.",Agriculture,CRITICAL
Certified seeds provided at block development office had less than 20% germination rate in Jamshedpur.,Agriculture,MEDIUM
"Commercial private trucks parking illegally on both lanes of narrow highway Station Road, causing daily fatal crashes.",Transportation,HIGH
Loud music played after 10 PM during local marriage celebrations in sector 18 of Khunti.,Public Safety,LOW
"Highway flyover expansion joint widened by 6 inches, vibrating violently under vehicular movement in Palamu.",Urban Infrastructure,CRITICAL
Old transport truck emitting black smoke exhaust while idling at traffic stop in Garhwa.,Environment,LOW
"Commercial electricity meter running abnormally fast, inflated bill of Rs 50,000 sent to small shop in Koderma.",Energy,MEDIUM
Agricultural extension officer not available on scheduled field visit day in Bokaro.,Agriculture,LOW
CCTV cameras installed at main market intersection non-functional for past 6 months in Jamshedpur.,Public Safety,MEDIUM
Divider break on fast expressway in Pakur causing tractors and two-wheelers to drive on wrong side.,Urban Infrastructure,HIGH
Leakage in water meter junction wasting thousands of liters daily outside house in Lohardaga.,Water Management,MEDIUM
"Distribution transformer caught fire and exploded, fire spreading toward adjacent residential huts in Gumla.",Energy,CRITICAL
"School bell system broken, manual gong being used in school Ramgarh.",Education,LOW
Divider break on fast expressway in Simdega causing tractors and two-wheelers to drive on wrong side.,Urban Infrastructure,HIGH
Illegal commercial timber logging and cutting of ancient Sal trees in protected forest zone of Pakur.,Environment,HIGH
Fake spurious pesticide sold by licensed supplier wiped out entire cotton crop in block Simdega.,Agriculture,CRITICAL
Crater-sized deep pothole on fast lane of Airport Road caused three consecutive car rollover accidents last night.,Urban Infrastructure,CRITICAL
Herd of wild boars and elephants destroying standing sugarcane crops nightly in farm belt Gumla.,Agriculture,HIGH
OPD registration counter has only one operator for over 400 patients daily in Chatra.,Healthcare,MEDIUM
"Canal embankment breached by heavy flow, submerging 200 acres of paddy fields and farmers' huts in Bokaro.",Agriculture,CRITICAL
"Water supply in Jamtara restricted to only 15 minutes once in 3 days, causing violent disputes at community taps.",Water Management,HIGH
Old multi-story commercial market balcony collapsed onto busy pedestrian footpath in Godda.,Urban Infrastructure,CRITICAL
Cholera and severe gastroenteritis outbreak reported due to sewage mixing in drinking water pipelines in Chaibasa.,Water Management,CRITICAL
Street vegetable market causing minor pedestrian bottleneck on evening sidewalks in Chaibasa.,Public Safety,LOW
Water filter unit at municipal dispensary in Ranchi requires urgent membrane replacement.,Water Management,MEDIUM
"Sinkhole formed suddenly in the middle of intersection near Gumla, engulfing front of a delivery truck.",Urban Infrastructure,CRITICAL
Request for tree plantation drive along newly expanded 4-lane avenue in Jamshedpur.,Environment,LOW
CCTV cameras installed at main market intersection non-functional for past 6 months in Hazaribagh.,Public Safety,MEDIUM
Deforestation and unmonitored hill cutting leading to soil erosion onto roads during monsoons in Ranchi.,Environment,MEDIUM
Clean drinking water dispenser not working in hospital OPD waiting lounge in Jamtara.,Healthcare,LOW
Gang of anti-social youth eve-teasing and harassing female students daily outside coaching hub in Garhwa.,Public Safety,HIGH
Armed gang carrying out chain snatching and robberies on dark bypass stretch of Hospital Road after 8 PM.,Public Safety,CRITICAL
Toxic fly ash slurry dam breach flooded village agricultural fields with hazardous sludge near Bokaro.,Environment,CRITICAL
"Toxic chemical industrial waste dumped near community playground, emitting noxious fumes in Koderma.",Sanitation,CRITICAL
"Road excavated for sewage pipeline 4 months ago left unpaved, mud and dust causing daily skidding in West Singhbhum.",Urban Infrastructure,HIGH
Extreme overcrowding in city buses with passengers hanging precariously from footboards and window grills in Chaibasa.,Transportation,HIGH
Organized cyber fraud gang duping illiterate rural elders of their pension funds under fake scheme in Gumla.,Public Safety,MEDIUM
Primary school and anganwadi center in Garhwa has non-functional water taps for 30 days.,Water Management,HIGH
Pack of aggressive rabid stray dogs attacked and mauled multiple senior citizens and children in Giridih.,Public Safety,HIGH
Request for additional bus stop shelter along newly developed residential sector in Palamu.,Transportation,LOW
Fake spurious pesticide sold by licensed supplier wiped out entire cotton crop in block Khunti.,Agriculture,CRITICAL
Primary school and anganwadi center in Sahebganj has non-functional water taps for 5 days.,Water Management,HIGH
School computer lab equipment locked in boxes for 2 years without power connection in Hazaribagh.,Education,MEDIUM
"Massive landslide and retaining wall collapse blocked state highway Airport Road, trapping vehicles under debris.",Urban Infrastructure,CRITICAL
"Major highway bridge over river has developed structural cracks, concrete chunks falling into river near Dumka.",Urban Infrastructure,CRITICAL
Dense poisonous smoke from open garbage burning at municipal dumping ground suffocating Simdega.,Environment,HIGH
Staff at government health sub-centre in Ramgarh demanding illicit money for issuing vaccination certificates.,Healthcare,MEDIUM
"No electricity connection in rural school Jamtara, children sitting in dark classrooms in 43°C summer.",Education,HIGH
Drinking water supply poisoned due to pesticide tank leakage near local water pump house.,Water Management,CRITICAL
Loud music played after 10 PM during local marriage celebrations in sector 14 of Deoghar.,Public Safety,LOW
Slight brownish discoloration noticed in morning tap water for past two days in Saraikela.,Water Management,LOW
Staff at government health sub-centre in Dhanbad demanding illicit money for issuing vaccination certificates.,Healthcare,MEDIUM
Surgeon and anesthesiologist absent during critical trauma patient admission at civil hospital Jamtara.,Healthcare,CRITICAL
"Mid-day meal served to schoolchildren contained dead lizard and worms, 20 pupils hospitalized in West Singhbhum.",Education,CRITICAL
"Commercial electricity meter running abnormally fast, inflated bill of Rs 50,000 sent to small shop in Bokaro.",Energy,MEDIUM
"Hailstorm and gale winds flattened standing crops across village Ranchi, farmers facing total bankruptcy.",Agriculture,CRITICAL
Dangerous blind hairpin curve on ghat road Gumla has broken safety crash barriers and zero reflectors.,Transportation,HIGH
Deforestation and unmonitored hill cutting leading to soil erosion onto roads during monsoons in Chaibasa.,Environment,MEDIUM
Subsidized fertilizer (Urea and DAP) completely black-marketed and unavailable at government cooperative in Ramgarh.,Agriculture,HIGH
Agricultural irrigation feeder canal dry for 14 weeks during critical sowing season in Dhanbad.,Agriculture,HIGH
"Hazardous industrial gas leak from factory causing nausea, fainting, and breathing distress in surrounding village Sahebganj.",Environment,CRITICAL
"Stray cattle wandering on state highway Station Road, causing frequent motorcycle skids and collisions.",Public Safety,MEDIUM
Request for zebra crossing painting outside primary school gate in Jamshedpur.,Urban Infrastructure,LOW
Minor paint flaking off classroom exterior walls in school at Simdega.,Education,LOW
Public park green lawn dried up due to lack of municipal gardening staff in Koderma.,Environment,LOW
Dangerous blind hairpin curve on ghat road Ranchi has broken safety crash barriers and zero reflectors.,Transportation,HIGH
Sticker bills and posters defacing newly painted public sanitation facility in Garhwa.,Sanitation,LOW
Sticker bills and posters defacing newly painted public sanitation facility in Dhanbad.,Sanitation,LOW
"Middle school in Saraikela has no functional toilet for girl students, causing massive dropouts.",Education,HIGH
Request for training workshop on organic compost preparation in village Jamshedpur.,Agriculture,LOW
"Road excavated for sewage pipeline 4 months ago left unpaved, mud and dust causing daily skidding in Godda.",Urban Infrastructure,HIGH
"Soil testing laboratory report delayed by 4 months, missed sowing season in block West Singhbhum.",Agriculture,MEDIUM
Chemical chemical plant dumping toxic untreated red effluent directly into Subarnarekha river stream near Sahebganj.,Environment,CRITICAL
"Classroom roof leaking severely during monsoon rain, destroying desks and textbooks in Chaibasa.",Education,HIGH
"Canal outlet siphon silted up, tail-end farmers receiving zero irrigation flow in Sahebganj.",Agriculture,MEDIUM
"Acute dengue and viral encephalitis outbreak claiming lives of children in Sahebganj, immediate medical team required.",Healthcare,CRITICAL
"Footpath paving blocks broken and dislodged, forcing school students to walk in traffic in Bokaro.",Urban Infrastructure,MEDIUM
Certified seeds provided at block development office had less than 20% germination rate in Giridih.,Agriculture,MEDIUM
Unscheduled power cuts lasting 12 to 16 hours daily in Saraikela during peak summer heatwave.,Energy,HIGH
"Drinking water tank in village school contaminated, dozens of children sick with food poisoning in Ranchi.",Education,CRITICAL
Dense poisonous smoke from open garbage burning at municipal dumping ground suffocating Ramgarh.,Environment,HIGH
Mosquito breeding epidemic in Sahebganj due to stagnant black sewage water in uncleaned open drains.,Sanitation,HIGH
"Severe low voltage of 110V damaging all domestic refrigerators, water pumps, and fans in Simdega.",Energy,HIGH
"Stray cattle wandering on state highway Market Square, causing frequent motorcycle skids and collisions.",Public Safety,MEDIUM
Fake spurious pesticide sold by licensed supplier wiped out entire cotton crop in block Deoghar.,Agriculture,CRITICAL
Public drinking fountain near park in Palamu has a slow leaky washer.,Water Management,LOW
Drainage silt cleared by cleaners left piled on pedestrian pavement and never carted away in Khunti.,Sanitation,MEDIUM
"Stone crushing factories operating without water sprinklers, entire residential area enveloped in toxic silica dust in Dhanbad.",Environment,HIGH
"School boundary wall collapsed near railway line, exposing small children to high-speed trains in Pakur.",Education,CRITICAL
Agricultural irrigation feeder canal dry for 21 weeks during critical sowing season in Chatra.,Agriculture,HIGH
"Government grain mandi delaying procurement, farmers' harvested grain soaked in rain in open yard at Gumla.",Agriculture,HIGH
Notice board showing daily mandi crop prices missing at grain market Saraikela.,Agriculture,LOW
"Middle school in Chatra has no functional toilet for girl students, causing massive dropouts.",Education,HIGH
Labor room in maternal care clinic Godda has no running water or sterile equipment.,Healthcare,HIGH
Illegal crude firecracker and explosives manufacturing operating in densely packed residential colony in Jamshedpur.,Public Safety,CRITICAL
Armed gang carrying out chain snatching and robberies on dark bypass stretch of College Road after 8 PM.,Public Safety,CRITICAL
"Government grain mandi delaying procurement, farmers' harvested grain soaked in rain in open yard at West Singhbhum.",Agriculture,HIGH
Municipal sanitation sweepers have not visited colony Gumla for past 2 days.,Sanitation,MEDIUM
Drainage silt cleared by cleaners left piled on pedestrian pavement and never carted away in West Singhbhum.,Sanitation,MEDIUM
"Extreme shortage of essential medicines, paracetamol, and ORS packets in primary health clinic Godda.",Healthcare,HIGH
Damaged sluice valve cutting drinking water supply to entire commercial and residential district in Ranchi.,Water Management,HIGH
Lineman demanding bribe to replace blown transformer fuse in village Bokaro.,Energy,HIGH
Residential smart meter installation application pending for 3 months in Garhwa.,Energy,LOW
"Soil testing laboratory report delayed by 4 months, missed sowing season in block West Singhbhum.",Agriculture,MEDIUM
Overgrown wild weeds and Congress grass causing seasonal pollen allergies in colony park Godda.,Environment,LOW
Emergency Police dial 112 / 100 helpline calls ringing unanswered during violent burglary distress in Hazaribagh.,Public Safety,CRITICAL
"Extreme shortage of essential medicines, paracetamol, and ORS packets in primary health clinic Dhanbad.",Healthcare,HIGH
Water meter glass cloudy and hard to read at property in Dhanbad.,Water Management,LOW
School playground in Hazaribagh taken over by unauthorized parked commercial vehicles.,Education,MEDIUM
"Complete groundwater depletion in Hazaribagh, borewells pumping sand, emergency relief tankers urgently needed.",Water Management,CRITICAL
Old transport truck emitting black smoke exhaust while idling at traffic stop in Ramgarh.,Environment,LOW
Fake spurious pesticide sold by licensed supplier wiped out entire cotton crop in block Dhanbad.,Agriculture,CRITICAL
"Ceiling plaster fell on elementary students during classes, three children injured in school at Lohardaga.",Education,CRITICAL
"Dead cattle carcass lying rotting on roadside of Circular Road for 3 days, causing unbearable stench.",Sanitation,HIGH
Toxic fly ash slurry dam breach flooded village agricultural fields with hazardous sludge near Saraikela.,Environment,CRITICAL
Gang of anti-social youth eve-teasing and harassing female students daily outside coaching hub in Khunti.,Public Safety,HIGH
Commercial slaughterhouse dumping animal entrails and blood directly into open municipal drain in Pakur.,Sanitation,HIGH
Bio-medical hazardous waste including infected needles and bandages dumped in open field behind hospital Palamu.,Healthcare,HIGH
Abandoned scrap car left parked on colony street corner for 1 year in Saraikela.,Public Safety,LOW
Old multi-story commercial market balcony collapsed onto busy pedestrian footpath in Gumla.,Urban Infrastructure,CRITICAL
"Hailstorm and gale winds flattened standing crops across village Chatra, farmers facing total bankruptcy.",Agriculture,CRITICAL
"School bell system broken, manual gong being used in school Palamu.",Education,LOW
Emergency Police dial 112 / 100 helpline calls ringing unanswered during violent burglary distress in Saraikela.,Public Safety,CRITICAL
Overloaded passenger boat capsized risk due to cracked hull at river crossing in Ranchi.,Transportation,CRITICAL
Plastic waste and non-biodegradable thermocol clogging forest stream in tourist spot Koderma.,Environment,MEDIUM
Fallen autumn leaves accumulated in street gutters in sector 3 of Dumka.,Sanitation,LOW
Stretcher and wheelchair wheels broken at entrance of government clinic in Palamu.,Healthcare,MEDIUM
Dilapidated four-story abandoned factory on verge of immediate structural collapse near crowded marketplace in Dhanbad.,Public Safety,CRITICAL
"Major highway bridge over river has developed structural cracks, concrete chunks falling into river near Koderma.",Urban Infrastructure,CRITICAL
"Drinking water tank in village school contaminated, dozens of children sick with food poisoning in Jamshedpur.",Education,CRITICAL
Public dustbins in market area Deoghar broken and overflowing with plastic bags.,Sanitation,MEDIUM
Ticket vending machine at bus terminal out of order in Khunti.,Transportation,LOW
Residential smart meter installation application pending for 3 months in Godda.,Energy,LOW
"School bell system broken, manual gong being used in school Chatra.",Education,LOW
Chemical chemical plant dumping toxic untreated red effluent directly into Subarnarekha river stream near Giridih.,Environment,CRITICAL
Government high school in Ramgarh has no math or science teacher for the entire academic year.,Education,HIGH
Abandoned scrap car left parked on colony street corner for 1 year in Giridih.,Public Safety,LOW
Anti-rabies and anti-snake venom emergency injections completely out of stock in district hospital Lohardaga.,Healthcare,CRITICAL
"Soil testing laboratory report delayed by 4 months, missed sowing season in block Gumla.",Agriculture,MEDIUM
Hospital blood bank has zero units of all blood groups during emergency accident influx in Gumla.,Healthcare,CRITICAL
Emergency Police dial 112 / 100 helpline calls ringing unanswered during violent burglary distress in Garhwa.,Public Safety,CRITICAL
Plastic waste and non-biodegradable thermocol clogging forest stream in tourist spot Sahebganj.,Environment,MEDIUM
School playground in Jamtara taken over by unauthorized parked commercial vehicles.,Education,MEDIUM
Request for training workshop on organic compost preparation in village Koderma.,Agriculture,LOW
Primary school and anganwadi center in Chatra has non-functional water taps for 7 days.,Water Management,HIGH
Hospital blood bank has zero units of all blood groups during emergency accident influx in Garhwa.,Healthcare,CRITICAL
Government high school in Dumka has no math or science teacher for the entire academic year.,Education,HIGH
Overloaded passenger boat capsized risk due to cracked hull at river crossing in Koderma.,Transportation,CRITICAL
"Main feeder water line ruptured by telecom JCB digging along Bypass Highway, continuous massive water wastage.",Water Management,HIGH
"Canal outlet siphon silted up, tail-end farmers receiving zero irrigation flow in Godda.",Agriculture,MEDIUM
"No electricity connection in rural school Ramgarh, children sitting in dark classrooms in 43°C summer.",Education,HIGH
"Commercial electricity meter running abnormally fast, inflated bill of Rs 50,000 sent to small shop in Chatra.",Energy,MEDIUM
"Contractual teachers going on indefinite strike, leaving school completely shut for 10 days in Sahebganj.",Education,HIGH
Armed gang carrying out chain snatching and robberies on dark bypass stretch of Hospital Road after 8 PM.,Public Safety,CRITICAL
Drip irrigation government subsidy disbursement delayed for over 8 months in Hazaribagh.,Agriculture,MEDIUM
"Unmanned railway level crossing with broken boom barrier, blind collision hazard on Station Road.",Transportation,CRITICAL
"Open deep stone quarry pit filled with 40 feet of stagnant water without fencing, child drowned yesterday in Ranchi.",Public Safety,CRITICAL
Traffic signals at four-way junction on College Road blinking yellow continuously causing vehicle gridlocks.,Urban Infrastructure,MEDIUM
Agricultural extension officer not available on scheduled field visit day in Chatra.,Agriculture,LOW
Primary school and anganwadi center in Hazaribagh has non-functional water taps for 14 days.,Water Management,HIGH
Water filter unit at municipal dispensary in Simdega requires urgent membrane replacement.,Water Management,MEDIUM
Drip irrigation government subsidy disbursement delayed for over 8 months in Palamu.,Agriculture,MEDIUM
Staff at government health sub-centre in Sahebganj demanding illicit money for issuing vaccination certificates.,Healthcare,MEDIUM
"Bridge approach road collapsed, leaving public transport buses stranded on ledge near Pakur.",Transportation,CRITICAL
Bio-medical hazardous waste including infected needles and bandages dumped in open field behind hospital Bokaro.,Healthcare,HIGH
Crater-sized deep pothole on fast lane of Airport Road caused three consecutive car rollover accidents last night.,Urban Infrastructure,CRITICAL
Request for additional story books and encyclopedia in village school library in Hazaribagh.,Education,LOW
Scheduled municipal water tanker delayed by more than 24 hours in ward 16 of Gumla.,Water Management,MEDIUM
"Extreme shortage of essential medicines, paracetamol, and ORS packets in primary health clinic Pakur.",Healthcare,HIGH
"Severe low voltage of 110V damaging all domestic refrigerators, water pumps, and fans in Deoghar.",Energy,HIGH
Dangerous blind hairpin curve on ghat road Simdega has broken safety crash barriers and zero reflectors.,Transportation,HIGH
"Road excavated for sewage pipeline 4 months ago left unpaved, mud and dust causing daily skidding in Deoghar.",Urban Infrastructure,HIGH
Labor room in maternal care clinic Pakur has no running water or sterile equipment.,Healthcare,HIGH
Massive forest fire spreading uncontrolled toward tribal settlements and wildlife habitat in Ramgarh.,Environment,CRITICAL
"All streetlights on main ring road Main Road non-functional for past 7 days, high accident danger.",Urban Infrastructure,HIGH
Display board showing doctor consultation timings missing outside health clinic Chaibasa.,Healthcare,LOW
"Acute dengue and viral encephalitis outbreak claiming lives of children in Khunti, immediate medical team required.",Healthcare,CRITICAL
"Water supply in Giridih restricted to only 15 minutes once in 3 days, causing violent disputes at community taps.",Water Management,HIGH
Plastic waste and non-biodegradable thermocol clogging forest stream in tourist spot West Singhbhum.,Environment,MEDIUM
OPD registration counter has only one operator for over 400 patients daily in Simdega.,Healthcare,MEDIUM
Slight brownish discoloration noticed in morning tap water for past two days in Bokaro.,Water Management,LOW
Fake spurious pesticide sold by licensed supplier wiped out entire cotton crop in block Dumka.,Agriculture,CRITICAL
Divider break on fast expressway in Koderma causing tractors and two-wheelers to drive on wrong side.,Urban Infrastructure,HIGH
Overgrown wild weeds and Congress grass causing seasonal pollen allergies in colony park Deoghar.,Environment,LOW
"School bell system broken, manual gong being used in school Chaibasa.",Education,LOW
Herd of wild boars and elephants destroying standing sugarcane crops nightly in farm belt Deoghar.,Agriculture,HIGH
Construction and demolition debris dumped openly on dry riverbed near Hospital Road.,Environment,MEDIUM
Frequent drunken brawls and stone pelting outside illegal country liquor shop near school in Hazaribagh.,Public Safety,HIGH
Drainage silt cleared by cleaners left piled on pedestrian pavement and never carted away in Gumla.,Sanitation,MEDIUM
Traffic signals at four-way junction on GT Road blinking yellow continuously causing vehicle gridlocks.,Urban Infrastructure,MEDIUM
"School bell system broken, manual gong being used in school Bokaro.",Education,LOW
School playground in Ranchi taken over by unauthorized parked commercial vehicles.,Education,MEDIUM
Request for additional story books and encyclopedia in village school library in Chatra.,Education,LOW
Commercial shopping complex fire exits permanently chained shut and fire extinguisher cylinders expired in Pakur.,Public Safety,HIGH
"Ceiling plaster fell on elementary students during classes, three children injured in school at Gumla.",Education,CRITICAL
"Unmanned railway level crossing with broken boom barrier, blind collision hazard on Circular Road.",Transportation,CRITICAL
Ticket vending machine at bus terminal out of order in West Singhbhum.,Transportation,LOW
"Doctor at dispensary arriving 3 hours late regularly, causing senior citizens to wait in sun in Bokaro.",Healthcare,MEDIUM
Bus timetable display screen broken at central bus stand in Gumla.,Transportation,LOW
"Sinkhole formed suddenly in the middle of intersection near Gumla, engulfing front of a delivery truck.",Urban Infrastructure,CRITICAL
Rainwater pooling at street corner due to faulty road gradient on Market Square in Saraikela.,Urban Infrastructure,MEDIUM
"Canal outlet siphon silted up, tail-end farmers receiving zero irrigation flow in Sahebganj.",Agriculture,MEDIUM
"Hailstorm and gale winds flattened standing crops across village Chaibasa, farmers facing total bankruptcy.",Agriculture,CRITICAL
Extreme overcrowding in city buses with passengers hanging precariously from footboards and window grills in Saraikela.,Transportation,HIGH
Door-to-door garbage collection vehicle skipping collection in sector 17 of Dhanbad.,Sanitation,MEDIUM
Chalkboard in class 5 at primary school Bokaro has cracks and needs repainting.,Education,LOW
Overloaded passenger boat capsized risk due to cracked hull at river crossing in West Singhbhum.,Transportation,CRITICAL
Cholera and severe gastroenteritis outbreak reported due to sewage mixing in drinking water pipelines in Ramgarh.,Water Management,CRITICAL
"Community public RO purification plant in Chaibasa broken down for 5 weeks, no technician attending.",Water Management,HIGH
"Main storm drain culvert collapsed under truck weight, half the road completely severed in Chaibasa.",Urban Infrastructure,HIGH
Continuous power blackout in civil hospital during emergency surgeries in Bokaro.,Energy,CRITICAL
Government high school in Ramgarh has no math or science teacher for the entire academic year.,Education,HIGH
"Agricultural power transformer burned out, tube wells non-functional during peak irrigation in Saraikela.",Agriculture,HIGH
Damaged sluice valve cutting drinking water supply to entire commercial and residential district in Ranchi.,Water Management,HIGH
Electric wires tangled in tree branches causing sparks in wind near Ring Road in Sahebganj.,Energy,MEDIUM
Scheduled municipal water tanker delayed by more than 24 hours in ward 27 of Dhanbad.,Water Management,MEDIUM
"Soil testing laboratory report delayed by 4 months, missed sowing season in block Saraikela.",Agriculture,MEDIUM
"Classroom roof leaking severely during monsoon rain, destroying desks and textbooks in Pakur.",Education,HIGH
Water pressure in bathroom taps is very low on upper floors in apartment complex Dumka.,Water Management,LOW
Loud music played after 10 PM during local marriage celebrations in sector 13 of Saraikela.,Public Safety,LOW
Public park green lawn dried up due to lack of municipal gardening staff in Hazaribagh.,Environment,LOW
Bio-medical hazardous waste including infected needles and bandages dumped in open field behind hospital Dhanbad.,Healthcare,HIGH
Requesting installation of an additional community water tap near the new bus stop in Bokaro.,Water Management,LOW
"Hazardous industrial gas leak from factory causing nausea, fainting, and breathing distress in surrounding village Dumka.",Environment,CRITICAL
Gang of anti-social youth eve-teasing and harassing female students daily outside coaching hub in Pakur.,Public Safety,HIGH
Drainage silt cleared by cleaners left piled on pedestrian pavement and never carted away in Saraikela.,Sanitation,MEDIUM
Divider break on fast expressway in Godda causing tractors and two-wheelers to drive on wrong side.,Urban Infrastructure,HIGH
School computer lab equipment locked in boxes for 2 years without power connection in Pakur.,Education,MEDIUM
Illegal crude firecracker and explosives manufacturing operating in densely packed residential colony in Khunti.,Public Safety,CRITICAL
"Street dustbin missing lid, stray dogs scattering waste in Hazaribagh.",Sanitation,LOW
Fallen autumn leaves accumulated in street gutters in sector 14 of Gumla.,Sanitation,LOW
"Highway flyover expansion joint widened by 6 inches, vibrating violently under vehicular movement in Khunti.",Urban Infrastructure,CRITICAL
Traffic signals at four-way junction on Circular Road blinking yellow continuously causing vehicle gridlocks.,Urban Infrastructure,MEDIUM
Auto rickshaw stand encroaching on pedestrian crossing near market Simdega.,Transportation,LOW
Request for placing separate green and blue waste segregation bins in park at Dumka.,Sanitation,LOW
Old transport truck emitting black smoke exhaust while idling at traffic stop in West Singhbhum.,Environment,LOW
Water bill received has higher meter reading than actual consumption in Chaibasa.,Water Management,LOW
"Water supply in Dhanbad restricted to only 15 minutes once in 3 days, causing violent disputes at community taps.",Water Management,HIGH
Electric wires tangled in tree branches causing sparks in wind near Hospital Road in Ranchi.,Energy,MEDIUM
Electric wires tangled in tree branches causing sparks in wind near Ring Road in Sahebganj.,Energy,MEDIUM
School bus driver driving recklessly with overcrowded children on Hospital Road.,Education,MEDIUM
"Acute dengue and viral encephalitis outbreak claiming lives of children in Giridih, immediate medical team required.",Healthcare,CRITICAL
"Community water tap handle rusted and broken, water dripping continuously in West Singhbhum.",Water Management,MEDIUM
Staff at government health sub-centre in Bokaro demanding illicit money for issuing vaccination certificates.,Healthcare,MEDIUM
Surgeon and anesthesiologist absent during critical trauma patient admission at civil hospital Palamu.,Healthcare,CRITICAL
State transport buses regularly skipping designated village bus stops in Chatra.,Transportation,MEDIUM
Divider break on fast expressway in Sahebganj causing tractors and two-wheelers to drive on wrong side.,Urban Infrastructure,HIGH
Open electrical feeder pillar box with live bare busbars standing unlocked outside children's park in Garhwa.,Energy,CRITICAL
"Distribution transformer caught fire and exploded, fire spreading toward adjacent residential huts in Lohardaga.",Energy,CRITICAL
Scheduled municipal water tanker delayed by more than 24 hours in ward 23 of Dumka.,Water Management,MEDIUM
Illegal commercial timber logging and cutting of ancient Sal trees in protected forest zone of Bokaro.,Environment,HIGH
Electric wires tangled in tree branches causing sparks in wind near Hospital Road in Gumla.,Energy,MEDIUM
"Canal embankment breached by heavy flow, submerging 200 acres of paddy fields and farmers' huts in Bokaro.",Agriculture,CRITICAL
Organized cyber fraud gang duping illiterate rural elders of their pension funds under fake scheme in Chaibasa.,Public Safety,MEDIUM
Waiting area ceiling fans in health dispensary West Singhbhum making loud squeaking noise.,Healthcare,LOW
Dilapidated school building declared unsafe still hosting classes of 200 primary pupils in Ramgarh.,Education,CRITICAL
Illegal crude firecracker and explosives manufacturing operating in densely packed residential colony in Bokaro.,Public Safety,CRITICAL
Chemical chemical plant dumping toxic untreated red effluent directly into Subarnarekha river stream near Giridih.,Environment,CRITICAL
Clean drinking water dispenser not working in hospital OPD waiting lounge in Giridih.,Healthcare,LOW
"Complete groundwater depletion in Garhwa, borewells pumping sand, emergency relief tankers urgently needed.",Water Management,CRITICAL
"Footpath paving blocks broken and dislodged, forcing school students to walk in traffic in Dumka.",Urban Infrastructure,MEDIUM
OPD registration counter has only one operator for over 400 patients daily in Khunti.,Healthcare,MEDIUM
"Night bus transport service discontinued abruptly, leaving female hospital workers unsafe in Bokaro.",Transportation,HIGH
Child immunization camp date postponed twice without notifying parents in Deoghar.,Healthcare,MEDIUM
Sticker bills and posters defacing newly painted public sanitation facility in Lohardaga.,Sanitation,LOW
Pedestrian subway flooded with 5 feet of stormwater and live electrical wires submerged in water.,Urban Infrastructure,CRITICAL
Request for additional story books and encyclopedia in village school library in West Singhbhum.,Education,LOW
"No electricity connection in rural school Chaibasa, children sitting in dark classrooms in 43°C summer.",Education,HIGH
Footbridge over railway tracks in Saraikela has severely rusted corroded pillars shaking in wind.,Urban Infrastructure,HIGH
Public drinking fountain near park in Hazaribagh has a slow leaky washer.,Water Management,LOW
"Dangerous potholes covering entire 5 km stretch of Circular Road, making emergency ambulance transit impossible.",Urban Infrastructure,HIGH
"Toxic chemical industrial waste dumped near community playground, emitting noxious fumes in Ramgarh.",Sanitation,CRITICAL
"Dead cattle carcass lying rotting on roadside of Station Road for 3 days, causing unbearable stench.",Sanitation,HIGH
Hospital blood bank has zero units of all blood groups during emergency accident influx in Hazaribagh.,Healthcare,CRITICAL
Chemical chemical plant dumping toxic untreated red effluent directly into Subarnarekha river stream near Dhanbad.,Environment,CRITICAL
"Electricity bill received after the due date, incurring unjustified penalty charge in Deoghar.",Energy,LOW
"Ceiling plaster fell on elementary students during classes, three children injured in school at Palamu.",Education,CRITICAL
Illegal commercial timber logging and cutting of ancient Sal trees in protected forest zone of Sahebganj.,Environment,HIGH
Construction and demolition debris dumped openly on dry riverbed near Ring Road.,Environment,MEDIUM
Dense poisonous smoke from open garbage burning at municipal dumping ground suffocating Palamu.,Environment,HIGH
School bus driver driving recklessly with overcrowded children on Hospital Road.,Education,MEDIUM
Subsidized fertilizer (Urea and DAP) completely black-marketed and unavailable at government cooperative in Dumka.,Agriculture,HIGH
"Mid-day meal served to schoolchildren contained dead lizard and worms, 20 pupils hospitalized in Lohardaga.",Education,CRITICAL
Decorative street light poles in park Chaibasa have missing decorative glass covers.,Urban Infrastructure,LOW
Armed gang carrying out chain snatching and robberies on dark bypass stretch of Hospital Road after 8 PM.,Public Safety,CRITICAL
Request for additional story books and encyclopedia in village school library in Sahebganj.,Education,LOW
"No electricity connection in rural school Jamtara, children sitting in dark classrooms in 43°C summer.",Education,HIGH
"Government bus service to rural block Giridih canceled without notice, college students stranded.",Transportation,HIGH
Fake and counterfeit antibiotics distributed through government pharmacy outlet in Gumla.,Healthcare,CRITICAL
Farmer credit card passbook printer out of paper at rural bank branch Bokaro.,Agriculture,LOW
Streetlight junction box sparking loudly every evening during dusk in Saraikela.,Energy,MEDIUM
"Community water tap handle rusted and broken, water dripping continuously in West Singhbhum.",Water Management,MEDIUM
Water pressure in bathroom taps is very low on upper floors in apartment complex Chaibasa.,Water Management,LOW
Streetlight junction box sparking loudly every evening during dusk in Sahebganj.,Energy,MEDIUM
Dense poisonous smoke from open garbage burning at municipal dumping ground suffocating Pakur.,Environment,HIGH
"Unmarked and unpainted speed breaker on Station Road without reflectors, vehicles violently jumping.",Urban Infrastructure,MEDIUM
Free textbooks and uniforms under government educational scheme not distributed even 4 months after session start in Ranchi.,Education,MEDIUM
Commercial slaughterhouse dumping animal entrails and blood directly into open municipal drain in West Singhbhum.,Sanitation,HIGH
"Illegal sand mining mafia using heavy dredging excavators, destroying river ecosystem and groundwater table at Simdega.",Environment,CRITICAL
Organized cyber fraud gang duping illiterate rural elders of their pension funds under fake scheme in Khunti.,Public Safety,MEDIUM
Farmer credit card passbook printer out of paper at rural bank branch Jamtara.,Agriculture,LOW
Massive locust attack destroying standing wheat and mustard crops across 500 hectares in Pakur.,Agriculture,CRITICAL
"Desks and benches broken, students forced to sit on damp concrete floor in school at Godda.",Education,MEDIUM
Market vegetable vendors dumping rotten produce directly into open stormwater drains in Dhanbad.,Sanitation,MEDIUM
"Brick kilns operating illegal coal combustion chimneys, air quality index crossing severe 450 in Gumla.",Environment,HIGH
Water pressure in bathroom taps is very low on upper floors in apartment complex Koderma.,Water Management,LOW
Deforestation and unmonitored hill cutting leading to soil erosion onto roads during monsoons in Godda.,Environment,MEDIUM
Agricultural irrigation feeder canal dry for 30 weeks during critical sowing season in Giridih.,Agriculture,HIGH
ICU backup oxygen cylinder supply failed during power cut in sub-divisional hospital Hazaribagh.,Healthcare,CRITICAL
"Community public RO purification plant in Khunti broken down for 7 weeks, no technician attending.",Water Management,HIGH
"Dangerous potholes covering entire 5 km stretch of Station Road, making emergency ambulance transit impossible.",Urban Infrastructure,HIGH
Severe shortage of water tankers in drought-prone block Godda despite multiple registered complaints.,Water Management,HIGH
Labor room in maternal care clinic Pakur has no running water or sterile equipment.,Healthcare,HIGH
Potholes at bus terminal depot damaging public vehicle axles and stalling departures in Khunti.,Transportation,MEDIUM
Water meter glass cloudy and hard to read at property in Dumka.,Water Management,LOW
"Massive landslide and retaining wall collapse blocked state highway Circular Road, trapping vehicles under debris.",Urban Infrastructure,CRITICAL
Dangerous blind hairpin curve on ghat road Dumka has broken safety crash barriers and zero reflectors.,Transportation,HIGH
Excessive noise pollution from industrial diesel generators running all night in declared silent zone of Sahebganj.,Environment,MEDIUM
Scheduled municipal water tanker delayed by more than 24 hours in ward 11 of Ramgarh.,Water Management,MEDIUM
Leakage in water meter junction wasting thousands of liters daily outside house in Sahebganj.,Water Management,MEDIUM
Frequent sudden voltage spikes burning electronic LED appliances in colony Jamshedpur.,Energy,MEDIUM
Commercial shopping complex fire exits permanently chained shut and fire extinguisher cylinders expired in Lohardaga.,Public Safety,HIGH
"Solar street light battery backup discharged, light turning off by 10 PM in Simdega.",Energy,LOW
Dilapidated four-story abandoned factory on verge of immediate structural collapse near crowded marketplace in Dumka.,Public Safety,CRITICAL
Subsidized fertilizer (Urea and DAP) completely black-marketed and unavailable at government cooperative in Ranchi.,Agriculture,HIGH
"Unmanned railway level crossing with broken boom barrier, blind collision hazard on Industrial Area Road.",Transportation,CRITICAL
Street vegetable market causing minor pedestrian bottleneck on evening sidewalks in Sahebganj.,Public Safety,LOW
Dangerous blind hairpin curve on ghat road Godda has broken safety crash barriers and zero reflectors.,Transportation,HIGH
Request for seating benches in outdoor waiting shed of health center Saraikela.,Healthcare,LOW
"Brick kilns operating illegal coal combustion chimneys, air quality index crossing severe 450 in Pakur.",Environment,HIGH
"Drinking water tank in village school contaminated, dozens of children sick with food poisoning in Lohardaga.",Education,CRITICAL
Water filter unit at municipal dispensary in Garhwa requires urgent membrane replacement.,Water Management,MEDIUM
"Hazardous industrial gas leak from factory causing nausea, fainting, and breathing distress in surrounding village West Singhbhum.",Environment,CRITICAL
Illegal commercial timber logging and cutting of ancient Sal trees in protected forest zone of Ramgarh.,Environment,HIGH
"School boundary wall collapsed near railway line, exposing small children to high-speed trains in Lohardaga.",Education,CRITICAL
Shared auto drivers driving rashly on wrong side of highway and charging 3x metered fare in Lohardaga.,Transportation,MEDIUM
Open uncovered manhole on unlit road of Circular Road resulted in motorcycle rider falling in and suffering critical head injury.,Urban Infrastructure,CRITICAL
Leakage in water meter junction wasting thousands of liters daily outside house in Garhwa.,Water Management,MEDIUM
Public drinking fountain near park in Simdega has a slow leaky washer.,Water Management,LOW
"All streetlights on main ring road Bypass Highway non-functional for past 2 days, high accident danger.",Urban Infrastructure,HIGH
Toxic fly ash slurry dam breach flooded village agricultural fields with hazardous sludge near Pakur.,Environment,CRITICAL
Slum settlement in Khunti experiencing severe hepatitis outbreak due to open sewage pools.,Sanitation,CRITICAL
"Highway flyover expansion joint widened by 6 inches, vibrating violently under vehicular movement in Bokaro.",Urban Infrastructure,CRITICAL
Pedestrian subway flooded with 5 feet of stormwater and live electrical wires submerged in water.,Urban Infrastructure,CRITICAL
Request for additional bus stop shelter along newly developed residential sector in Chatra.,Transportation,LOW
"Sinkhole formed suddenly in the middle of intersection near Chaibasa, engulfing front of a delivery truck.",Urban Infrastructure,CRITICAL
Septic tank leaked directly into municipal drinking water pipeline trench in Koderma.,Sanitation,CRITICAL
Water meter glass cloudy and hard to read at property in Chaibasa.,Water Management,LOW
Community public toilet complex locked and overflowing with feces in ward 10 of Koderma.,Sanitation,HIGH
Municipal sanitation sweepers have not visited colony Palamu for past 4 days.,Sanitation,MEDIUM
Frequent drunken brawls and stone pelting outside illegal country liquor shop near school in Dhanbad.,Public Safety,HIGH
Frequent sudden voltage spikes burning electronic LED appliances in colony Bokaro.,Energy,MEDIUM
Request for seating benches in outdoor waiting shed of health center Deoghar.,Healthcare,LOW
"Night bus transport service discontinued abruptly, leaving female hospital workers unsafe in Hazaribagh.",Transportation,HIGH
Herd of wild boars and elephants destroying standing sugarcane crops nightly in farm belt Pakur.,Agriculture,HIGH
Organized cyber fraud gang duping illiterate rural elders of their pension funds under fake scheme in Koderma.,Public Safety,MEDIUM
Potholes at bus terminal depot damaging public vehicle axles and stalling departures in West Singhbhum.,Transportation,MEDIUM
Water pressure in bathroom taps is very low on upper floors in apartment complex Saraikela.,Water Management,LOW
Clean drinking water dispenser not working in hospital OPD waiting lounge in Jamtara.,Healthcare,LOW
Commercial slaughterhouse dumping animal entrails and blood directly into open municipal drain in Giridih.,Sanitation,HIGH
Water smells strongly like foul drainage water and looks muddy black from municipal connection in Deoghar.,Water Management,HIGH
School computer lab equipment locked in boxes for 2 years without power connection in Sahebganj.,Education,MEDIUM
"Unmarked and unpainted speed breaker on Airport Road without reflectors, vehicles violently jumping.",Urban Infrastructure,MEDIUM
Fallen autumn leaves accumulated in street gutters in sector 18 of Dhanbad.,Sanitation,LOW
Water supply timing in Ramgarh changed abruptly to 2 AM without prior public notice.,Water Management,MEDIUM
Request for placing separate green and blue waste segregation bins in park at Sahebganj.,Sanitation,LOW
"Water supply in Jamshedpur restricted to only 15 minutes once in 3 days, causing violent disputes at community taps.",Water Management,HIGH
Request for tree plantation drive along newly expanded 4-lane avenue in Saraikela.,Environment,LOW
"Classroom roof leaking severely during monsoon rain, destroying desks and textbooks in Giridih.",Education,HIGH
Commercial shopping complex fire exits permanently chained shut and fire extinguisher cylinders expired in Ramgarh.,Public Safety,HIGH
Slight brownish discoloration noticed in morning tap water for past two days in West Singhbhum.,Water Management,LOW
Underground pipe leak causing clean drinking water to pool on the street near Airport Road.,Water Management,MEDIUM
School bus driver driving recklessly with overcrowded children on Market Square.,Education,MEDIUM
Deforestation and unmonitored hill cutting leading to soil erosion onto roads during monsoons in Jamtara.,Environment,MEDIUM
Public park green lawn dried up due to lack of municipal gardening staff in Pakur.,Environment,LOW
"Street dustbin missing lid, stray dogs scattering waste in Jamtara.",Sanitation,LOW
"Desks and benches broken, students forced to sit on damp concrete floor in school at Dhanbad.",Education,MEDIUM
Request for zebra crossing painting outside primary school gate in Bokaro.,Urban Infrastructure,LOW
Underground pipe leak causing clean drinking water to pool on the street near Industrial Area Road.,Water Management,MEDIUM
Severe shortage of water tankers in drought-prone block Ranchi despite multiple registered complaints.,Water Management,HIGH
Water storage reservoir wall cracked and threatening to submerge adjacent village Lohardaga.,Water Management,CRITICAL
Decorative street light poles in park Hazaribagh have missing decorative glass covers.,Urban Infrastructure,LOW
Pesticide dumping caused sudden death of thousands of fish in community lake at Sahebganj.,Environment,HIGH
Dilapidated school building declared unsafe still hosting classes of 200 primary pupils in Ramgarh.,Education,CRITICAL
Pavement curbs need repainting in reflective yellow paint along College Road.,Urban Infrastructure,LOW
"Main municipal water pipeline exploded on Bypass Highway, flooding residential homes and cutting supply to 80 families.",Water Management,CRITICAL
Gang of anti-social youth eve-teasing and harassing female students daily outside coaching hub in Chaibasa.,Public Safety,HIGH
Water filter unit at municipal dispensary in Chatra requires urgent membrane replacement.,Water Management,MEDIUM
Decorative street light poles in park Hazaribagh have missing decorative glass covers.,Urban Infrastructure,LOW
"No electricity connection in rural school Gumla, children sitting in dark classrooms in 43°C summer.",Education,HIGH
State transport buses regularly skipping designated village bus stops in Simdega.,Transportation,MEDIUM
Loud music played after 10 PM during local marriage celebrations in sector 6 of Jamtara.,Public Safety,LOW
"Acute dengue and viral encephalitis outbreak claiming lives of children in Ramgarh, immediate medical team required.",Healthcare,CRITICAL
Overhead directional signage metal frame detached and swinging dangerously over traffic on Industrial Area Road.,Urban Infrastructure,HIGH
"School boundary wall collapsed near railway line, exposing small children to high-speed trains in Lohardaga.",Education,CRITICAL
Hospital blood bank has zero units of all blood groups during emergency accident influx in Deoghar.,Healthcare,CRITICAL
Public drinking fountain near park in Bokaro has a slow leaky washer.,Water Management,LOW
Request for training workshop on organic compost preparation in village Gumla.,Agriculture,LOW
"Dangerous potholes covering entire 5 km stretch of College Road, making emergency ambulance transit impossible.",Urban Infrastructure,HIGH
Agricultural extension officer not available on scheduled field visit day in Giridih.,Agriculture,LOW
Open uncovered manhole on unlit road of GT Road resulted in motorcycle rider falling in and suffering critical head injury.,Urban Infrastructure,CRITICAL
"Major highway bridge over river has developed structural cracks, concrete chunks falling into river near Jamshedpur.",Urban Infrastructure,CRITICAL
Minor paint flaking off classroom exterior walls in school at Chatra.,Education,LOW
"Drinking water tank in village school contaminated, dozens of children sick with food poisoning in Garhwa.",Education,CRITICAL
"Contractual teachers going on indefinite strike, leaving school completely shut for 15 days in Dumka.",Education,HIGH
Waiting area ceiling fans in health dispensary Jamtara making loud squeaking noise.,Healthcare,LOW
Request for additional story books and encyclopedia in village school library in Palamu.,Education,LOW
Public park green lawn dried up due to lack of municipal gardening staff in Godda.,Environment,LOW
Commercial slaughterhouse dumping animal entrails and blood directly into open municipal drain in Ramgarh.,Sanitation,HIGH
Shared auto drivers driving rashly on wrong side of highway and charging 3x metered fare in Deoghar.,Transportation,MEDIUM
Request for zebra crossing painting outside primary school gate in Hazaribagh.,Urban Infrastructure,LOW
Minor cracks appearing on walking promenade footpath in public park at Sahebganj.,Urban Infrastructure,LOW
Chemical chemical plant dumping toxic untreated red effluent directly into Subarnarekha river stream near Lohardaga.,Environment,CRITICAL
"Unmanned railway level crossing with broken boom barrier, blind collision hazard on Main Road.",Transportation,CRITICAL
Footbridge over railway tracks in Dumka has severely rusted corroded pillars shaking in wind.,Urban Infrastructure,HIGH
"Agricultural power transformer burned out, tube wells non-functional during peak irrigation in Ramgarh.",Agriculture,HIGH
Drinking water supply poisoned due to pesticide tank leakage near local water pump house.,Water Management,CRITICAL
Surgeon and anesthesiologist absent during critical trauma patient admission at civil hospital West Singhbhum.,Healthcare,CRITICAL
"Toxic chemical industrial waste dumped near community playground, emitting noxious fumes in Lohardaga.",Sanitation,CRITICAL
"Electricity bill received after the due date, incurring unjustified penalty charge in Deoghar.",Energy,LOW
Waiting area ceiling fans in health dispensary Chaibasa making loud squeaking noise.,Healthcare,LOW
Street signboards fallen down and lying in ditch near entrance of Jamtara.,Urban Infrastructure,MEDIUM
Bus timetable display screen broken at central bus stand in West Singhbhum.,Transportation,LOW
Illegal crude firecracker and explosives manufacturing operating in densely packed residential colony in Pakur.,Public Safety,CRITICAL
Emergency Police dial 112 / 100 helpline calls ringing unanswered during violent burglary distress in Giridih.,Public Safety,CRITICAL
Continuous power blackout in civil hospital during emergency surgeries in Lohardaga.,Energy,CRITICAL
Deep construction trench left completely unbarricaded with zero warning hazard lamps on road in Palamu.,Public Safety,MEDIUM
Request for shifting electricity pole standing slightly inward on private driveway in Palamu.,Energy,LOW
Excessive noise pollution from industrial diesel generators running all night in declared silent zone of Godda.,Environment,MEDIUM
Unauthorized commercial advertising banners blocking driver visibility at road turning in Deoghar.,Public Safety,LOW
Decorative street light poles in park Lohardaga have missing decorative glass covers.,Urban Infrastructure,LOW
Water pressure in bathroom taps is very low on upper floors in apartment complex Dhanbad.,Water Management,LOW
Fallen autumn leaves accumulated in street gutters in sector 15 of Dhanbad.,Sanitation,LOW
Overloaded passenger boat capsized risk due to cracked hull at river crossing in Chatra.,Transportation,CRITICAL
"Stone crushing factories operating without water sprinklers, entire residential area enveloped in toxic silica dust in Chatra.",Environment,HIGH
Old transport truck emitting black smoke exhaust while idling at traffic stop in Koderma.,Environment,LOW
Bus timetable display screen broken at central bus stand in Sahebganj.,Transportation,LOW
"Electricity bill received after the due date, incurring unjustified penalty charge in Jamshedpur.",Energy,LOW
School bus driver driving recklessly with overcrowded children on Hospital Road.,Education,MEDIUM
Pesticide dumping caused sudden death of thousands of fish in community lake at Garhwa.,Environment,HIGH
"Canal outlet siphon silted up, tail-end farmers receiving zero irrigation flow in Deoghar.",Agriculture,MEDIUM
Open uncovered manhole on unlit road of Main Road resulted in motorcycle rider falling in and suffering critical head injury.,Urban Infrastructure,CRITICAL
Water filter unit at municipal dispensary in Ramgarh requires urgent membrane replacement.,Water Management,MEDIUM
"Community water tap handle rusted and broken, water dripping continuously in Sahebganj.",Water Management,MEDIUM
Illegal booster pumps installed by several residents in Simdega causing zero water pressure in neighboring homes.,Water Management,MEDIUM
State transport buses regularly skipping designated village bus stops in Jamshedpur.,Transportation,MEDIUM
Clean drinking water dispenser not working in hospital OPD waiting lounge in West Singhbhum.,Healthcare,LOW
Requesting installation of an additional community water tap near the new bus stop in Dumka.,Water Management,LOW
Primary Health Centre in Ranchi has no medical doctor present for the past 21 days.,Healthcare,HIGH
Primary Health Centre in Garhwa has no medical doctor present for the past 2 days.,Healthcare,HIGH
Request for additional bus stop shelter along newly developed residential sector in Ranchi.,Transportation,LOW
"Illegal sand mining mafia using heavy dredging excavators, destroying river ecosystem and groundwater table at Jamtara.",Environment,CRITICAL
"Street dustbin missing lid, stray dogs scattering waste in Dhanbad.",Sanitation,LOW
"Solar street light battery backup discharged, light turning off by 10 PM in Simdega.",Energy,LOW
Toxic fly ash slurry dam breach flooded village agricultural fields with hazardous sludge near Ramgarh.,Environment,CRITICAL
High voltage 11KV electrical wire snapped and lying alive on wet school pathway in Gumla.,Energy,CRITICAL
X-ray and Sonography machines at Community Health Centre Jamtara out of order for past 7 weeks.,Healthcare,HIGH
Loud music played after 10 PM during local marriage celebrations in sector 11 of Deoghar.,Public Safety,LOW
Water storage reservoir wall cracked and threatening to submerge adjacent village Chatra.,Water Management,CRITICAL
Electric wires tangled in tree branches causing sparks in wind near Hospital Road in Koderma.,Energy,MEDIUM
School bus driver driving recklessly with overcrowded children on Ring Road.,Education,MEDIUM
Water meter glass cloudy and hard to read at property in Godda.,Water Management,LOW
Water storage reservoir wall cracked and threatening to submerge adjacent village Deoghar.,Water Management,CRITICAL
Unattended human sewage overflowing on main road outside pediatric hospital in Chatra.,Sanitation,CRITICAL
Plastic waste and non-biodegradable thermocol clogging forest stream in tourist spot Gumla.,Environment,MEDIUM
Residential smart meter installation application pending for 3 months in Gumla.,Energy,LOW
Public dustbins in market area Giridih broken and overflowing with plastic bags.,Sanitation,MEDIUM
Public park green lawn dried up due to lack of municipal gardening staff in Chaibasa.,Environment,LOW
"Severe low voltage of 110V damaging all domestic refrigerators, water pumps, and fans in Garhwa.",Energy,HIGH
Massive forest fire spreading uncontrolled toward tribal settlements and wildlife habitat in Chatra.,Environment,CRITICAL
Requesting installation of an additional community water tap near the new bus stop in Godda.,Water Management,LOW
Traffic signals at four-way junction on Ring Road blinking yellow continuously causing vehicle gridlocks.,Urban Infrastructure,MEDIUM
"Illegal sand mining mafia using heavy dredging excavators, destroying river ecosystem and groundwater table at Giridih.",Environment,CRITICAL
Massive forest fire spreading uncontrolled toward tribal settlements and wildlife habitat in West Singhbhum.,Environment,CRITICAL
Bus timetable display screen broken at central bus stand in Garhwa.,Transportation,LOW
"Government grain mandi delaying procurement, farmers' harvested grain soaked in rain in open yard at Saraikela.",Agriculture,HIGH
Deep construction trench left completely unbarricaded with zero warning hazard lamps on road in Pakur.,Public Safety,MEDIUM
"Government bus service to rural block Palamu canceled without notice, college students stranded.",Transportation,HIGH
Waiting area ceiling fans in health dispensary Saraikela making loud squeaking noise.,Healthcare,LOW
Massive locust attack destroying standing wheat and mustard crops across 500 hectares in Simdega.,Agriculture,CRITICAL
"Night bus transport service discontinued abruptly, leaving female hospital workers unsafe in West Singhbhum.",Transportation,HIGH
"Open deep stone quarry pit filled with 40 feet of stagnant water without fencing, child drowned yesterday in Giridih.",Public Safety,CRITICAL
Cholera and severe gastroenteritis outbreak reported due to sewage mixing in drinking water pipelines in Hazaribagh.,Water Management,CRITICAL
Community public toilet complex locked and overflowing with feces in ward 3 of Godda.,Sanitation,HIGH
Agricultural extension officer not available on scheduled field visit day in Gumla.,Agriculture,LOW
"Government bus service to rural block Jamtara canceled without notice, college students stranded.",Transportation,HIGH
Open electrical feeder pillar box with live bare busbars standing unlocked outside children's park in Jamtara.,Energy,CRITICAL
"Main municipal water pipeline exploded on Industrial Area Road, flooding residential homes and cutting supply to 100 families.",Water Management,CRITICAL
"Pedestrian subway has zero lighting, non-functional CCTV, and zero police patrols, making it dangerous after dark in Chatra.",Public Safety,HIGH
"Dialysis unit machines broken down, chronic kidney patients turned away without treatment in Ranchi.",Healthcare,HIGH
Request for placing separate green and blue waste segregation bins in park at Lohardaga.,Sanitation,LOW
Chemical chemical plant dumping toxic untreated red effluent directly into Subarnarekha river stream near Koderma.,Environment,CRITICAL
Septic tank leaked directly into municipal drinking water pipeline trench in Pakur.,Sanitation,CRITICAL
Massive locust attack destroying standing wheat and mustard crops across 500 hectares in Lohardaga.,Agriculture,CRITICAL
"Canal embankment breached by heavy flow, submerging 200 acres of paddy fields and farmers' huts in Giridih.",Agriculture,CRITICAL
Pedestrian subway flooded with 5 feet of stormwater and live electrical wires submerged in water.,Urban Infrastructure,CRITICAL
"Government grain mandi delaying procurement, farmers' harvested grain soaked in rain in open yard at Hazaribagh.",Agriculture,HIGH
"Dangerous potholes covering entire 5 km stretch of Bypass Highway, making emergency ambulance transit impossible.",Urban Infrastructure,HIGH
"Sinkhole formed suddenly in the middle of intersection near Ranchi, engulfing front of a delivery truck.",Urban Infrastructure,CRITICAL
"Drinking water contaminated with industrial chemical waste, dozens hospitalized with severe poisoning in Jamshedpur.",Water Management,CRITICAL
Old multi-story commercial market balcony collapsed onto busy pedestrian footpath in Godda.,Urban Infrastructure,CRITICAL
"Government grain mandi delaying procurement, farmers' harvested grain soaked in rain in open yard at Palamu.",Agriculture,HIGH
Arsenic and fluoride contamination in handpumps causing skeletal deformities in rural Ramgarh.,Water Management,CRITICAL
Request for seating benches in outdoor waiting shed of health center Godda.,Healthcare,LOW
Severe shortage of water tankers in drought-prone block Godda despite multiple registered complaints.,Water Management,HIGH
Public drinking fountain near park in Simdega has a slow leaky washer.,Water Management,LOW
Request for tree plantation drive along newly expanded 4-lane avenue in Hazaribagh.,Environment,LOW
Crater-sized deep pothole on fast lane of GT Road caused three consecutive car rollover accidents last night.,Urban Infrastructure,CRITICAL
Street name board in ward 8 of Chatra is rusted and illegible.,Urban Infrastructure,LOW
ICU backup oxygen cylinder supply failed during power cut in sub-divisional hospital Gumla.,Healthcare,CRITICAL
Request for training workshop on organic compost preparation in village Palamu.,Agriculture,LOW
Request for training workshop on organic compost preparation in village Jamshedpur.,Agriculture,LOW
Pack of aggressive rabid stray dogs attacked and mauled multiple senior citizens and children in Jamtara.,Public Safety,HIGH
Organized cyber fraud gang duping illiterate rural elders of their pension funds under fake scheme in Sahebganj.,Public Safety,MEDIUM
Streetlight junction box sparking loudly every evening during dusk in Jamshedpur.,Energy,MEDIUM
Open uncovered manhole on unlit road of Ring Road resulted in motorcycle rider falling in and suffering critical head injury.,Urban Infrastructure,CRITICAL
"Solar street light battery backup discharged, light turning off by 10 PM in Palamu.",Energy,LOW
Water smells strongly like foul drainage water and looks muddy black from municipal connection in Khunti.,Water Management,HIGH
"Severe low voltage of 110V damaging all domestic refrigerators, water pumps, and fans in Khunti.",Energy,HIGH
"Highway flyover expansion joint widened by 6 inches, vibrating violently under vehicular movement in Palamu.",Urban Infrastructure,CRITICAL
"Distribution transformer caught fire and exploded, fire spreading toward adjacent residential huts in Dumka.",Energy,CRITICAL
"Government ambulance dial 108 helpline not answering, pregnant patient died en route in Dhanbad.",Healthcare,CRITICAL
Unscheduled power cuts lasting 12 to 16 hours daily in Chaibasa during peak summer heatwave.,Energy,HIGH
Continuous power blackout in civil hospital during emergency surgeries in Sahebganj.,Energy,CRITICAL
"Street dustbin missing lid, stray dogs scattering waste in Saraikela.",Sanitation,LOW
"Classroom roof leaking severely during monsoon rain, destroying desks and textbooks in Chatra.",Education,HIGH
Municipal sanitation sweepers have not visited colony Jamshedpur for past 15 days.,Sanitation,MEDIUM
"No tap water supply in Chaibasa for past 2 days, residents forced to purchase private tankers at huge rates.",Water Management,HIGH
"Community water tap handle rusted and broken, water dripping continuously in Garhwa.",Water Management,MEDIUM
State transport buses regularly skipping designated village bus stops in Gumla.,Transportation,MEDIUM
"Illegal sand mining mafia using heavy dredging excavators, destroying river ecosystem and groundwater table at Hazaribagh.",Environment,CRITICAL
Commercial shopping complex fire exits permanently chained shut and fire extinguisher cylinders expired in Ramgarh.,Public Safety,HIGH
Surgeon and anesthesiologist absent during critical trauma patient admission at civil hospital Khunti.,Healthcare,CRITICAL
Municipal sanitation sweepers have not visited colony Dumka for past 2 days.,Sanitation,MEDIUM
Potholes at bus terminal depot damaging public vehicle axles and stalling departures in Jamshedpur.,Transportation,MEDIUM
Request for training workshop on organic compost preparation in village Dumka.,Agriculture,LOW
Minor cracks appearing on walking promenade footpath in public park at Godda.,Urban Infrastructure,LOW
"Brick kilns operating illegal coal combustion chimneys, air quality index crossing severe 450 in Ramgarh.",Environment,HIGH
Water pressure in bathroom taps is very low on upper floors in apartment complex Ramgarh.,Water Management,LOW
"Community water tap handle rusted and broken, water dripping continuously in Jamtara.",Water Management,MEDIUM
School bus driver driving recklessly with overcrowded children on Industrial Area Road.,Education,MEDIUM
Septic tank leaked directly into municipal drinking water pipeline trench in Godda.,Sanitation,CRITICAL
Old transport truck emitting black smoke exhaust while idling at traffic stop in Simdega.,Environment,LOW
Residential smart meter installation application pending for 3 months in Dumka.,Energy,LOW
"Contractual teachers going on indefinite strike, leaving school completely shut for 14 days in Jamtara.",Education,HIGH
Clean drinking water dispenser not working in hospital OPD waiting lounge in Palamu.,Healthcare,LOW
Illegal crude firecracker and explosives manufacturing operating in densely packed residential colony in Sahebganj.,Public Safety,CRITICAL
Request for zebra crossing painting outside primary school gate in Godda.,Urban Infrastructure,LOW
Sticker bills and posters defacing newly painted public sanitation facility in Ramgarh.,Sanitation,LOW
"Commercial private trucks parking illegally on both lanes of narrow highway Circular Road, causing daily fatal crashes.",Transportation,HIGH
Arsenic and fluoride contamination in handpumps causing skeletal deformities in rural Giridih.,Water Management,CRITICAL
Leakage in water meter junction wasting thousands of liters daily outside house in Dhanbad.,Water Management,MEDIUM
"Main storm drain culvert collapsed under truck weight, half the road completely severed in Garhwa.",Urban Infrastructure,HIGH
Abandoned scrap car left parked on colony street corner for 1 year in Chaibasa.,Public Safety,LOW
Plastic waste and non-biodegradable thermocol clogging forest stream in tourist spot Hazaribagh.,Environment,MEDIUM
Public dustbins in market area Ramgarh broken and overflowing with plastic bags.,Sanitation,MEDIUM
Dilapidated school building declared unsafe still hosting classes of 200 primary pupils in Deoghar.,Education,CRITICAL
OPD registration counter has only one operator for over 400 patients daily in Deoghar.,Healthcare,MEDIUM
Hospital blood bank has zero units of all blood groups during emergency accident influx in Garhwa.,Healthcare,CRITICAL
"Road excavated for sewage pipeline 4 months ago left unpaved, mud and dust causing daily skidding in Sahebganj.",Urban Infrastructure,HIGH
Potholes at bus terminal depot damaging public vehicle axles and stalling departures in Dhanbad.,Transportation,MEDIUM
Water supply timing in Palamu changed abruptly to 2 AM without prior public notice.,Water Management,MEDIUM
"Underground sewage trunk line choked, raw sewage water backflowing into hundreds of houses in Jamtara.",Sanitation,CRITICAL
Extreme overcrowding in city buses with passengers hanging precariously from footboards and window grills in West Singhbhum.,Transportation,HIGH
Slum settlement in Dumka experiencing severe hepatitis outbreak due to open sewage pools.,Sanitation,CRITICAL
Water smells strongly like foul drainage water and looks muddy black from municipal connection in Chaibasa.,Water Management,HIGH
Overgrown wild weeds and Congress grass causing seasonal pollen allergies in colony park Giridih.,Environment,LOW
"Complete groundwater depletion in Simdega, borewells pumping sand, emergency relief tankers urgently needed.",Water Management,CRITICAL
Severe shortage of water tankers in drought-prone block Lohardaga despite multiple registered complaints.,Water Management,HIGH
"Severe low voltage of 110V damaging all domestic refrigerators, water pumps, and fans in Ranchi.",Energy,HIGH
Unscheduled power cuts lasting 12 to 16 hours daily in Ranchi during peak summer heatwave.,Energy,HIGH
Unattended human sewage overflowing on main road outside pediatric hospital in Godda.,Sanitation,CRITICAL
Electric wires tangled in tree branches causing sparks in wind near Bypass Highway in Palamu.,Energy,MEDIUM
"Government grain mandi delaying procurement, farmers' harvested grain soaked in rain in open yard at Hazaribagh.",Agriculture,HIGH
"Pedestrian subway has zero lighting, non-functional CCTV, and zero police patrols, making it dangerous after dark in Garhwa.",Public Safety,HIGH
Dead animal carcass found decaying inside the community drinking water overhead tank in Lohardaga.,Water Management,CRITICAL
ICU backup oxygen cylinder supply failed during power cut in sub-divisional hospital Ranchi.,Healthcare,CRITICAL
State transport buses regularly skipping designated village bus stops in Simdega.,Transportation,MEDIUM
Fake spurious pesticide sold by licensed supplier wiped out entire cotton crop in block Pakur.,Agriculture,CRITICAL
"Government bus service to rural block Bokaro canceled without notice, college students stranded.",Transportation,HIGH
Child immunization camp date postponed twice without notifying parents in West Singhbhum.,Healthcare,MEDIUM
Dangerous blind hairpin curve on ghat road Saraikela has broken safety crash barriers and zero reflectors.,Transportation,HIGH
Shared auto drivers driving rashly on wrong side of highway and charging 3x metered fare in Giridih.,Transportation,MEDIUM
Certified seeds provided at block development office had less than 20% germination rate in Lohardaga.,Agriculture,MEDIUM
"Stray cattle wandering on state highway Main Road, causing frequent motorcycle skids and collisions.",Public Safety,MEDIUM
Mosquito breeding epidemic in Chatra due to stagnant black sewage water in uncleaned open drains.,Sanitation,HIGH
"Mid-day meal served to schoolchildren contained dead lizard and worms, 20 pupils hospitalized in Saraikela.",Education,CRITICAL
"Solar street light battery backup discharged, light turning off by 10 PM in West Singhbhum.",Energy,LOW
"School bell system broken, manual gong being used in school Dumka.",Education,LOW
Excessive noise pollution from industrial diesel generators running all night in declared silent zone of Deoghar.,Environment,MEDIUM
"Community public RO purification plant in Saraikela broken down for 30 weeks, no technician attending.",Water Management,HIGH
"Dialysis unit machines broken down, chronic kidney patients turned away without treatment in Sahebganj.",Healthcare,HIGH
Market vegetable vendors dumping rotten produce directly into open stormwater drains in Jamtara.,Sanitation,MEDIUM
Rainwater pooling at street corner due to faulty road gradient on Station Road in Godda.,Urban Infrastructure,MEDIUM
Farmer credit card passbook printer out of paper at rural bank branch Dhanbad.,Agriculture,LOW
Dilapidated school building declared unsafe still hosting classes of 200 primary pupils in Dumka.,Education,CRITICAL
Request for tree plantation drive along newly expanded 4-lane avenue in Deoghar.,Environment,LOW
Government high school in Koderma has no math or science teacher for the entire academic year.,Education,HIGH
Dilapidated four-story abandoned factory on verge of immediate structural collapse near crowded marketplace in Palamu.,Public Safety,CRITICAL
"Distribution transformer caught fire and exploded, fire spreading toward adjacent residential huts in Khunti.",Energy,CRITICAL
Organized cyber fraud gang duping illiterate rural elders of their pension funds under fake scheme in Pakur.,Public Safety,MEDIUM
Request for training workshop on organic compost preparation in village Giridih.,Agriculture,LOW
Street name board in ward 25 of Pakur is rusted and illegible.,Urban Infrastructure,LOW
"No tap water supply in Chatra for past 21 days, residents forced to purchase private tankers at huge rates.",Water Management,HIGH
Waiting area ceiling fans in health dispensary Chatra making loud squeaking noise.,Healthcare,LOW
"Submersible pump at community borewell completely burned out, leaving entire village Khunti without drinking water.",Water Management,HIGH
Slum settlement in Chaibasa experiencing severe hepatitis outbreak due to open sewage pools.,Sanitation,CRITICAL
Farmer credit card passbook printer out of paper at rural bank branch Khunti.,Agriculture,LOW
"Brick kilns operating illegal coal combustion chimneys, air quality index crossing severe 450 in Gumla.",Environment,HIGH
X-ray and Sonography machines at Community Health Centre Palamu out of order for past 7 weeks.,Healthcare,HIGH
Cholera and severe gastroenteritis outbreak reported due to sewage mixing in drinking water pipelines in Sahebganj.,Water Management,CRITICAL
Auto rickshaw stand encroaching on pedestrian crossing near market Hazaribagh.,Transportation,LOW
Primary school and anganwadi center in Chaibasa has non-functional water taps for 5 days.,Water Management,HIGH
"Severe low voltage of 110V damaging all domestic refrigerators, water pumps, and fans in Chatra.",Energy,HIGH
"Toxic chemical industrial waste dumped near community playground, emitting noxious fumes in Godda.",Sanitation,CRITICAL
Display board showing doctor consultation timings missing outside health clinic Jamshedpur.,Healthcare,LOW
Pack of aggressive rabid stray dogs attacked and mauled multiple senior citizens and children in Palamu.,Public Safety,HIGH
CCTV cameras installed at main market intersection non-functional for past 6 months in Giridih.,Public Safety,MEDIUM
Massive locust attack destroying standing wheat and mustard crops across 500 hectares in Chatra.,Agriculture,CRITICAL
Footbridge over railway tracks in Dumka has severely rusted corroded pillars shaking in wind.,Urban Infrastructure,HIGH
"Huge garbage dump on street corner in Koderma not cleared for 21 weeks, decomposing and blocking traffic.",Sanitation,HIGH
"Main feeder water line ruptured by telecom JCB digging along Airport Road, continuous massive water wastage.",Water Management,HIGH
"Stone crushing factories operating without water sprinklers, entire residential area enveloped in toxic silica dust in Sahebganj.",Environment,HIGH
Free textbooks and uniforms under government educational scheme not distributed even 4 months after session start in Koderma.,Education,MEDIUM
Anti-rabies and anti-snake venom emergency injections completely out of stock in district hospital Godda.,Healthcare,CRITICAL
"Hazardous industrial gas leak from factory causing nausea, fainting, and breathing distress in surrounding village Godda.",Environment,CRITICAL
"Government ambulance dial 108 helpline not answering, pregnant patient died en route in Ramgarh.",Healthcare,CRITICAL
Footbridge over railway tracks in Gumla has severely rusted corroded pillars shaking in wind.,Urban Infrastructure,HIGH
"School boundary wall collapsed near railway line, exposing small children to high-speed trains in Hazaribagh.",Education,CRITICAL
Underground pipe leak causing clean drinking water to pool on the street near Circular Road.,Water Management,MEDIUM
Excessive noise pollution from industrial diesel generators running all night in declared silent zone of Sahebganj.,Environment,MEDIUM
Organized cyber fraud gang duping illiterate rural elders of their pension funds under fake scheme in Palamu.,Public Safety,MEDIUM
CCTV cameras installed at main market intersection non-functional for past 6 months in Khunti.,Public Safety,MEDIUM
Dilapidated school building declared unsafe still hosting classes of 200 primary pupils in Palamu.,Education,CRITICAL
Slum settlement in Garhwa experiencing severe hepatitis outbreak due to open sewage pools.,Sanitation,CRITICAL
Dead animal carcass found decaying inside the community drinking water overhead tank in Garhwa.,Water Management,CRITICAL
"Soil testing laboratory report delayed by 4 months, missed sowing season in block Sahebganj.",Agriculture,MEDIUM
"Drinking water tank in village school contaminated, dozens of children sick with food poisoning in Sahebganj.",Education,CRITICAL
Dilapidated school building declared unsafe still hosting classes of 200 primary pupils in Bokaro.,Education,CRITICAL
Public park green lawn dried up due to lack of municipal gardening staff in Dumka.,Environment,LOW
"Electric pole broken at base by storm, leaning directly over tin roof of occupied house in Chatra.",Energy,CRITICAL
Mosquito breeding epidemic in Dhanbad due to stagnant black sewage water in uncleaned open drains.,Sanitation,HIGH
"Submersible pump at community borewell completely burned out, leaving entire village Dumka without drinking water.",Water Management,HIGH
Request for zebra crossing painting outside primary school gate in Godda.,Urban Infrastructure,LOW
Anti-rabies and anti-snake venom emergency injections completely out of stock in district hospital West Singhbhum.,Healthcare,CRITICAL
Water bill received has higher meter reading than actual consumption in Godda.,Water Management,LOW
"Massive landslide and retaining wall collapse blocked state highway College Road, trapping vehicles under debris.",Urban Infrastructure,CRITICAL
CCTV cameras installed at main market intersection non-functional for past 6 months in Ranchi.,Public Safety,MEDIUM
"Main feeder water line ruptured by telecom JCB digging along Ring Road, continuous massive water wastage.",Water Management,HIGH
Extreme overcrowding in city buses with passengers hanging precariously from footboards and window grills in Chaibasa.,Transportation,HIGH
Fake spurious pesticide sold by licensed supplier wiped out entire cotton crop in block Ramgarh.,Agriculture,CRITICAL
"Sinkhole formed suddenly in the middle of intersection near Khunti, engulfing front of a delivery truck.",Urban Infrastructure,CRITICAL
Dead animal carcass found decaying inside the community drinking water overhead tank in Dhanbad.,Water Management,CRITICAL
"Underground sewage trunk line choked, raw sewage water backflowing into hundreds of houses in Godda.",Sanitation,CRITICAL
Gang of anti-social youth eve-teasing and harassing female students daily outside coaching hub in Ramgarh.,Public Safety,HIGH
Leakage in water meter junction wasting thousands of liters daily outside house in Simdega.,Water Management,MEDIUM
"Massive landslide and retaining wall collapse blocked state highway Airport Road, trapping vehicles under debris.",Urban Infrastructure,CRITICAL
"Extreme shortage of essential medicines, paracetamol, and ORS packets in primary health clinic Lohardaga.",Healthcare,HIGH
"Drinking water contaminated with industrial chemical waste, dozens hospitalized with severe poisoning in Saraikela.",Water Management,CRITICAL
Request for zebra crossing painting outside primary school gate in Garhwa.,Urban Infrastructure,LOW
Display board showing doctor consultation timings missing outside health clinic Koderma.,Healthcare,LOW
"Canal outlet siphon silted up, tail-end farmers receiving zero irrigation flow in Dhanbad.",Agriculture,MEDIUM
OPD registration counter has only one operator for over 400 patients daily in Chatra.,Healthcare,MEDIUM
"Severe low voltage of 110V damaging all domestic refrigerators, water pumps, and fans in Palamu.",Energy,HIGH
Water pipeline breach drowned three cows and flooded electrical sub-station near Airport Road.,Water Management,CRITICAL
Public dustbins in market area Giridih broken and overflowing with plastic bags.,Sanitation,MEDIUM
Toxic fly ash slurry dam breach flooded village agricultural fields with hazardous sludge near Simdega.,Environment,CRITICAL
"Government grain mandi delaying procurement, farmers' harvested grain soaked in rain in open yard at Chatra.",Agriculture,HIGH
Unauthorized commercial advertising banners blocking driver visibility at road turning in Chatra.,Public Safety,LOW
Fake and counterfeit antibiotics distributed through government pharmacy outlet in Chaibasa.,Healthcare,CRITICAL
Frequent drunken brawls and stone pelting outside illegal country liquor shop near school in Gumla.,Public Safety,HIGH
"Mid-day meal served to schoolchildren contained dead lizard and worms, 20 pupils hospitalized in Saraikela.",Education,CRITICAL
Free textbooks and uniforms under government educational scheme not distributed even 4 months after session start in Hazaribagh.,Education,MEDIUM
"Severe low voltage of 110V damaging all domestic refrigerators, water pumps, and fans in Lohardaga.",Energy,HIGH
"Illegal sand mining mafia using heavy dredging excavators, destroying river ecosystem and groundwater table at West Singhbhum.",Environment,CRITICAL
"Pedestrian subway has zero lighting, non-functional CCTV, and zero police patrols, making it dangerous after dark in Khunti.",Public Safety,HIGH
Fake and counterfeit antibiotics distributed through government pharmacy outlet in Saraikela.,Healthcare,CRITICAL
Request for shifting electricity pole standing slightly inward on private driveway in Bokaro.,Energy,LOW
Waiting area ceiling fans in health dispensary Giridih making loud squeaking noise.,Healthcare,LOW
Request for additional bus stop shelter along newly developed residential sector in Khunti.,Transportation,LOW
Public dustbins in market area West Singhbhum broken and overflowing with plastic bags.,Sanitation,MEDIUM
Request for placing separate green and blue waste segregation bins in park at Jamtara.,Sanitation,LOW
Frequent drunken brawls and stone pelting outside illegal country liquor shop near school in Khunti.,Public Safety,HIGH
Abandoned scrap car left parked on colony street corner for 1 year in Bokaro.,Public Safety,LOW
Electric wires tangled in tree branches causing sparks in wind near Market Square in Lohardaga.,Energy,MEDIUM
Municipal sanitation sweepers have not visited colony Ramgarh for past 5 days.,Sanitation,MEDIUM
Request for additional story books and encyclopedia in village school library in Godda.,Education,LOW
Loud music played after 10 PM during local marriage celebrations in sector 19 of Giridih.,Public Safety,LOW
Abandoned scrap car left parked on colony street corner for 1 year in Saraikela.,Public Safety,LOW
Community public toilet complex locked and overflowing with feces in ward 6 of Saraikela.,Sanitation,HIGH
"Desks and benches broken, students forced to sit on damp concrete floor in school at Dhanbad.",Education,MEDIUM
"Canal outlet siphon silted up, tail-end farmers receiving zero irrigation flow in Dumka.",Agriculture,MEDIUM
"Canal embankment breached by heavy flow, submerging 200 acres of paddy fields and farmers' huts in Deoghar.",Agriculture,CRITICAL
Water storage reservoir wall cracked and threatening to submerge adjacent village West Singhbhum.,Water Management,CRITICAL
Construction and demolition debris dumped openly on dry riverbed near Market Square.,Environment,MEDIUM
Sticker bills and posters defacing newly painted public sanitation facility in Khunti.,Sanitation,LOW
"Unmarked and unpainted speed breaker on Station Road without reflectors, vehicles violently jumping.",Urban Infrastructure,MEDIUM
Herd of wild boars and elephants destroying standing sugarcane crops nightly in farm belt Simdega.,Agriculture,HIGH
School playground in Ranchi taken over by unauthorized parked commercial vehicles.,Education,MEDIUM
Dilapidated four-story abandoned factory on verge of immediate structural collapse near crowded marketplace in Godda.,Public Safety,CRITICAL
"Underground sewage trunk line choked, raw sewage water backflowing into hundreds of houses in Deoghar.",Sanitation,CRITICAL
Overhead directional signage metal frame detached and swinging dangerously over traffic on Main Road.,Urban Infrastructure,HIGH
Agricultural extension officer not available on scheduled field visit day in Gumla.,Agriculture,LOW
Farmer credit card passbook printer out of paper at rural bank branch Bokaro.,Agriculture,LOW
Street vegetable market causing minor pedestrian bottleneck on evening sidewalks in Lohardaga.,Public Safety,LOW
Water supply timing in Garhwa changed abruptly to 2 AM without prior public notice.,Water Management,MEDIUM
Request for tree plantation drive along newly expanded 4-lane avenue in Saraikela.,Environment,LOW
Emergency Police dial 112 / 100 helpline calls ringing unanswered during violent burglary distress in Godda.,Public Safety,CRITICAL
Electric wires tangled in tree branches causing sparks in wind near Circular Road in Lohardaga.,Energy,MEDIUM
Unscheduled power cuts lasting 12 to 16 hours daily in Sahebganj during peak summer heatwave.,Energy,HIGH
"School bell system broken, manual gong being used in school Jamtara.",Education,LOW
"Electricity bill received after the due date, incurring unjustified penalty charge in Giridih.",Energy,LOW
"Underground electrical cable burnt, whole commercial market in total darkness for 14 days in Koderma.",Energy,HIGH
Minor paint flaking off classroom exterior walls in school at Chatra.,Education,LOW
State transport bus operating with completely worn bald tires and failing hydraulic brakes on hill route near Pakur.,Transportation,CRITICAL
Fallen autumn leaves accumulated in street gutters in sector 13 of Deoghar.,Sanitation,LOW
"Massive landslide and retaining wall collapse blocked state highway College Road, trapping vehicles under debris.",Urban Infrastructure,CRITICAL
Chalkboard in class 5 at primary school Khunti has cracks and needs repainting.,Education,LOW
Pesticide dumping caused sudden death of thousands of fish in community lake at Chatra.,Environment,HIGH
Open electrical feeder pillar box with live bare busbars standing unlocked outside children's park in Sahebganj.,Energy,CRITICAL
Residential smart meter installation application pending for 3 months in Pakur.,Energy,LOW
Deep construction trench left completely unbarricaded with zero warning hazard lamps on road in Deoghar.,Public Safety,MEDIUM
"Footpath paving blocks broken and dislodged, forcing school students to walk in traffic in Khunti.",Urban Infrastructure,MEDIUM
Underground pipe leak causing clean drinking water to pool on the street near Airport Road.,Water Management,MEDIUM
Labor room in maternal care clinic Dhanbad has no running water or sterile equipment.,Healthcare,HIGH
Door-to-door garbage collection vehicle skipping collection in sector 4 of Ranchi.,Sanitation,MEDIUM
Commercial shopping complex fire exits permanently chained shut and fire extinguisher cylinders expired in Deoghar.,Public Safety,HIGH
"Main municipal water pipeline exploded on GT Road, flooding residential homes and cutting supply to 100 families.",Water Management,CRITICAL
Crater-sized deep pothole on fast lane of Station Road caused three consecutive car rollover accidents last night.,Urban Infrastructure,CRITICAL
Minor cracks appearing on walking promenade footpath in public park at Ramgarh.,Urban Infrastructure,LOW
"Cold storage plant cooling gas leaked, ruining entire stored potato and tomato harvest in West Singhbhum.",Agriculture,CRITICAL
"Commercial electricity meter running abnormally fast, inflated bill of Rs 50,000 sent to small shop in Godda.",Energy,MEDIUM
Ticket vending machine at bus terminal out of order in Godda.,Transportation,LOW
Fallen autumn leaves accumulated in street gutters in sector 30 of Sahebganj.,Sanitation,LOW
"Sinkhole formed suddenly in the middle of intersection near Khunti, engulfing front of a delivery truck.",Urban Infrastructure,CRITICAL
"Canal embankment breached by heavy flow, submerging 200 acres of paddy fields and farmers' huts in Chaibasa.",Agriculture,CRITICAL
"Middle school in Koderma has no functional toilet for girl students, causing massive dropouts.",Education,HIGH
Potholes at bus terminal depot damaging public vehicle axles and stalling departures in Sahebganj.,Transportation,MEDIUM
"Open deep stone quarry pit filled with 40 feet of stagnant water without fencing, child drowned yesterday in Garhwa.",Public Safety,CRITICAL
Subsidized fertilizer (Urea and DAP) completely black-marketed and unavailable at government cooperative in Lohardaga.,Agriculture,HIGH
Drinking water supply poisoned due to pesticide tank leakage near local water pump house.,Water Management,CRITICAL
Mosquito breeding epidemic in West Singhbhum due to stagnant black sewage water in uncleaned open drains.,Sanitation,HIGH
Street vegetable market causing minor pedestrian bottleneck on evening sidewalks in Hazaribagh.,Public Safety,LOW
Old multi-story commercial market balcony collapsed onto busy pedestrian footpath in Bokaro.,Urban Infrastructure,CRITICAL
Open uncovered manhole on unlit road of Bypass Highway resulted in motorcycle rider falling in and suffering critical head injury.,Urban Infrastructure,CRITICAL
"Footpath paving blocks broken and dislodged, forcing school students to walk in traffic in Ranchi.",Urban Infrastructure,MEDIUM
Agricultural irrigation feeder canal dry for 5 weeks during critical sowing season in Jamshedpur.,Agriculture,HIGH
Potholes at bus terminal depot damaging public vehicle axles and stalling departures in West Singhbhum.,Transportation,MEDIUM
"Footpath paving blocks broken and dislodged, forcing school students to walk in traffic in West Singhbhum.",Urban Infrastructure,MEDIUM
"Canal outlet siphon silted up, tail-end farmers receiving zero irrigation flow in Hazaribagh.",Agriculture,MEDIUM
Pesticide dumping caused sudden death of thousands of fish in community lake at Khunti.,Environment,HIGH
Armed gang carrying out chain snatching and robberies on dark bypass stretch of Main Road after 8 PM.,Public Safety,CRITICAL
Street vegetable market causing minor pedestrian bottleneck on evening sidewalks in Pakur.,Public Safety,LOW
"Desks and benches broken, students forced to sit on damp concrete floor in school at Jamtara.",Education,MEDIUM
"Underground electrical cable burnt, whole commercial market in total darkness for 5 days in Sahebganj.",Energy,HIGH
Open uncovered manhole on unlit road of Ring Road resulted in motorcycle rider falling in and suffering critical head injury.,Urban Infrastructure,CRITICAL
Loud music played after 10 PM during local marriage celebrations in sector 7 of West Singhbhum.,Public Safety,LOW
"Ceiling plaster fell on elementary students during classes, three children injured in school at Ramgarh.",Education,CRITICAL
"Pedestrian subway has zero lighting, non-functional CCTV, and zero police patrols, making it dangerous after dark in Jamtara.",Public Safety,HIGH
"Main municipal water pipeline exploded on Market Square, flooding residential homes and cutting supply to 800 families.",Water Management,CRITICAL
"Commercial electricity meter running abnormally fast, inflated bill of Rs 50,000 sent to small shop in Garhwa.",Energy,MEDIUM
Continuous power blackout in civil hospital during emergency surgeries in Ramgarh.,Energy,CRITICAL
Farmer credit card passbook printer out of paper at rural bank branch Lohardaga.,Agriculture,LOW
Excessive noise pollution from industrial diesel generators running all night in declared silent zone of Dumka.,Environment,MEDIUM
"Extreme shortage of essential medicines, paracetamol, and ORS packets in primary health clinic Ranchi.",Healthcare,HIGH
Fake and counterfeit antibiotics distributed through government pharmacy outlet in Gumla.,Healthcare,CRITICAL
"Huge garbage dump on street corner in Jamtara not cleared for 21 weeks, decomposing and blocking traffic.",Sanitation,HIGH
Drainage silt cleared by cleaners left piled on pedestrian pavement and never carted away in Bokaro.,Sanitation,MEDIUM
Mosquito breeding epidemic in Koderma due to stagnant black sewage water in uncleaned open drains.,Sanitation,HIGH
"Drinking water contaminated with industrial chemical waste, dozens hospitalized with severe poisoning in Dhanbad.",Water Management,CRITICAL
Hospital blood bank has zero units of all blood groups during emergency accident influx in Chatra.,Healthcare,CRITICAL
Water supply timing in Chatra changed abruptly to 2 AM without prior public notice.,Water Management,MEDIUM
Streetlight junction box sparking loudly every evening during dusk in Simdega.,Energy,MEDIUM
Waiting area ceiling fans in health dispensary Jamtara making loud squeaking noise.,Healthcare,LOW
Request for placing separate green and blue waste segregation bins in park at Jamshedpur.,Sanitation,LOW
Unscheduled power cuts lasting 12 to 16 hours daily in Koderma during peak summer heatwave.,Energy,HIGH
Public drinking fountain near park in Saraikela has a slow leaky washer.,Water Management,LOW
Cholera and severe gastroenteritis outbreak reported due to sewage mixing in drinking water pipelines in Pakur.,Water Management,CRITICAL
Frequent sudden voltage spikes burning electronic LED appliances in colony Dumka.,Energy,MEDIUM
"Water supply in Simdega restricted to only 15 minutes once in 3 days, causing violent disputes at community taps.",Water Management,HIGH
"Hazardous industrial gas leak from factory causing nausea, fainting, and breathing distress in surrounding village Gumla.",Environment,CRITICAL
Public dustbins in market area Lohardaga broken and overflowing with plastic bags.,Sanitation,MEDIUM
High voltage 11KV electrical wire snapped and lying alive on wet school pathway in Dumka.,Energy,CRITICAL
"Water supply in Ramgarh restricted to only 15 minutes once in 3 days, causing violent disputes at community taps.",Water Management,HIGH
School computer lab equipment locked in boxes for 2 years without power connection in Simdega.,Education,MEDIUM
Labor room in maternal care clinic Deoghar has no running water or sterile equipment.,Healthcare,HIGH
Agricultural extension officer not available on scheduled field visit day in Jamtara.,Agriculture,LOW
Government high school in Bokaro has no math or science teacher for the entire academic year.,Education,HIGH
"Cold storage plant cooling gas leaked, ruining entire stored potato and tomato harvest in Dhanbad.",Agriculture,CRITICAL
"Canal embankment breached by heavy flow, submerging 200 acres of paddy fields and farmers' huts in Saraikela.",Agriculture,CRITICAL
"Soil testing laboratory report delayed by 4 months, missed sowing season in block Dhanbad.",Agriculture,MEDIUM
"Doctor at dispensary arriving 3 hours late regularly, causing senior citizens to wait in sun in Ramgarh.",Healthcare,MEDIUM
Requesting installation of an additional community water tap near the new bus stop in Dhanbad.,Water Management,LOW
Request for placing separate green and blue waste segregation bins in park at Garhwa.,Sanitation,LOW
"Main municipal water pipeline exploded on Market Square, flooding residential homes and cutting supply to 350 families.",Water Management,CRITICAL
Abandoned scrap car left parked on colony street corner for 1 year in Ramgarh.,Public Safety,LOW
"Drinking water tank in village school contaminated, dozens of children sick with food poisoning in Godda.",Education,CRITICAL
Community public toilet complex locked and overflowing with feces in ward 10 of Ramgarh.,Sanitation,HIGH
"Drinking water contaminated with industrial chemical waste, dozens hospitalized with severe poisoning in Lohardaga.",Water Management,CRITICAL
Public dustbins in market area Simdega broken and overflowing with plastic bags.,Sanitation,MEDIUM
Water filter unit at municipal dispensary in Chaibasa requires urgent membrane replacement.,Water Management,MEDIUM
"Canal embankment breached by heavy flow, submerging 200 acres of paddy fields and farmers' huts in Ramgarh.",Agriculture,CRITICAL
"Bridge approach road collapsed, leaving public transport buses stranded on ledge near Ramgarh.",Transportation,CRITICAL
"Huge garbage dump on street corner in West Singhbhum not cleared for 1 weeks, decomposing and blocking traffic.",Sanitation,HIGH
"Huge garbage dump on street corner in Koderma not cleared for 4 weeks, decomposing and blocking traffic.",Sanitation,HIGH
"Ceiling plaster fell on elementary students during classes, three children injured in school at Koderma.",Education,CRITICAL
Overgrown wild weeds and Congress grass causing seasonal pollen allergies in colony park Garhwa.,Environment,LOW
"Government ambulance dial 108 helpline not answering, pregnant patient died en route in Ranchi.",Healthcare,CRITICAL
Pavement curbs need repainting in reflective yellow paint along Circular Road.,Urban Infrastructure,LOW
"Street dustbin missing lid, stray dogs scattering waste in Chaibasa.",Sanitation,LOW
Extreme overcrowding in city buses with passengers hanging precariously from footboards and window grills in Sahebganj.,Transportation,HIGH
Water bill received has higher meter reading than actual consumption in Saraikela.,Water Management,LOW
Request for seating benches in outdoor waiting shed of health center Sahebganj.,Healthcare,LOW
"Cold storage plant cooling gas leaked, ruining entire stored potato and tomato harvest in Lohardaga.",Agriculture,CRITICAL
Ticket vending machine at bus terminal out of order in Hazaribagh.,Transportation,LOW
Overhead directional signage metal frame detached and swinging dangerously over traffic on Station Road.,Urban Infrastructure,HIGH
Door-to-door garbage collection vehicle skipping collection in sector 14 of Gumla.,Sanitation,MEDIUM
"Drinking water tank in village school contaminated, dozens of children sick with food poisoning in Godda.",Education,CRITICAL
Massive locust attack destroying standing wheat and mustard crops across 500 hectares in Deoghar.,Agriculture,CRITICAL
State transport bus operating with completely worn bald tires and failing hydraulic brakes on hill route near Jamtara.,Transportation,CRITICAL
Open electrical feeder pillar box with live bare busbars standing unlocked outside children's park in Dumka.,Energy,CRITICAL
"Complete groundwater depletion in Simdega, borewells pumping sand, emergency relief tankers urgently needed.",Water Management,CRITICAL
Community public toilet complex locked and overflowing with feces in ward 18 of Jamtara.,Sanitation,HIGH
"Pedestrian subway has zero lighting, non-functional CCTV, and zero police patrols, making it dangerous after dark in Giridih.",Public Safety,HIGH
Child immunization camp date postponed twice without notifying parents in Giridih.,Healthcare,MEDIUM
Surgeon and anesthesiologist absent during critical trauma patient admission at civil hospital Deoghar.,Healthcare,CRITICAL
Deep construction trench left completely unbarricaded with zero warning hazard lamps on road in Lohardaga.,Public Safety,MEDIUM
Chalkboard in class 5 at primary school Chaibasa has cracks and needs repainting.,Education,LOW
"Agricultural power transformer burned out, tube wells non-functional during peak irrigation in Ranchi.",Agriculture,HIGH
Leakage in water meter junction wasting thousands of liters daily outside house in Khunti.,Water Management,MEDIUM
Transformer overloaded and tripping every 20 minutes across 400 households in ward 1 of Giridih.,Energy,HIGH
"Solar street light battery backup discharged, light turning off by 10 PM in Palamu.",Energy,LOW
"Hailstorm and gale winds flattened standing crops across village Pakur, farmers facing total bankruptcy.",Agriculture,CRITICAL
"Water supply in Godda restricted to only 15 minutes once in 3 days, causing violent disputes at community taps.",Water Management,HIGH
"Electricity bill received after the due date, incurring unjustified penalty charge in Chatra.",Energy,LOW
Street name board in ward 21 of Hazaribagh is rusted and illegible.,Urban Infrastructure,LOW
Water smells strongly like foul drainage water and looks muddy black from municipal connection in Lohardaga.,Water Management,HIGH
Minor paint flaking off classroom exterior walls in school at Khunti.,Education,LOW
School computer lab equipment locked in boxes for 2 years without power connection in Simdega.,Education,MEDIUM
"Open deep stone quarry pit filled with 40 feet of stagnant water without fencing, child drowned yesterday in Gumla.",Public Safety,CRITICAL
Public drinking fountain near park in Simdega has a slow leaky washer.,Water Management,LOW
Arsenic and fluoride contamination in handpumps causing skeletal deformities in rural Ramgarh.,Water Management,CRITICAL
Traffic signals at four-way junction on GT Road blinking yellow continuously causing vehicle gridlocks.,Urban Infrastructure,MEDIUM
"Contractual teachers going on indefinite strike, leaving school completely shut for 21 days in Godda.",Education,HIGH
Lineman demanding bribe to replace blown transformer fuse in village Pakur.,Energy,HIGH
Septic tank leaked directly into municipal drinking water pipeline trench in Lohardaga.,Sanitation,CRITICAL
Residential smart meter installation application pending for 3 months in Ranchi.,Energy,LOW
Municipal sanitation sweepers have not visited colony Saraikela for past 7 days.,Sanitation,MEDIUM
Lineman demanding bribe to replace blown transformer fuse in village Dumka.,Energy,HIGH
"Acute dengue and viral encephalitis outbreak claiming lives of children in Hazaribagh, immediate medical team required.",Healthcare,CRITICAL
X-ray and Sonography machines at Community Health Centre Saraikela out of order for past 5 weeks.,Healthcare,HIGH
"Stone crushing factories operating without water sprinklers, entire residential area enveloped in toxic silica dust in Saraikela.",Environment,HIGH
Lineman demanding bribe to replace blown transformer fuse in village Khunti.,Energy,HIGH
Old transport truck emitting black smoke exhaust while idling at traffic stop in Dumka.,Environment,LOW
Deep construction trench left completely unbarricaded with zero warning hazard lamps on road in Jamtara.,Public Safety,MEDIUM
"Unmarked and unpainted speed breaker on Main Road without reflectors, vehicles violently jumping.",Urban Infrastructure,MEDIUM
Dilapidated school building declared unsafe still hosting classes of 200 primary pupils in Godda.,Education,CRITICAL
"Submersible pump at community borewell completely burned out, leaving entire village Hazaribagh without drinking water.",Water Management,HIGH
"Drinking water contaminated with industrial chemical waste, dozens hospitalized with severe poisoning in Gumla.",Water Management,CRITICAL
Water bill received has higher meter reading than actual consumption in Hazaribagh.,Water Management,LOW
Market vegetable vendors dumping rotten produce directly into open stormwater drains in Garhwa.,Sanitation,MEDIUM
Street signboards fallen down and lying in ditch near entrance of Ranchi.,Urban Infrastructure,MEDIUM
Commercial slaughterhouse dumping animal entrails and blood directly into open municipal drain in Ramgarh.,Sanitation,HIGH
Dense poisonous smoke from open garbage burning at municipal dumping ground suffocating Simdega.,Environment,HIGH
Request for tree plantation drive along newly expanded 4-lane avenue in Koderma.,Environment,LOW
Continuous power blackout in civil hospital during emergency surgeries in Dumka.,Energy,CRITICAL
"Drinking water contaminated with industrial chemical waste, dozens hospitalized with severe poisoning in Ramgarh.",Water Management,CRITICAL
"Brick kilns operating illegal coal combustion chimneys, air quality index crossing severe 450 in Garhwa.",Environment,HIGH
Request for seating benches in outdoor waiting shed of health center Hazaribagh.,Healthcare,LOW
"Bus stop shelter collapsed in heavy storm, commuters forced to stand on highway in rain in Hazaribagh.",Transportation,MEDIUM
"Bridge approach road collapsed, leaving public transport buses stranded on ledge near Dhanbad.",Transportation,CRITICAL
Stretcher and wheelchair wheels broken at entrance of government clinic in Sahebganj.,Healthcare,MEDIUM
School computer lab equipment locked in boxes for 2 years without power connection in Saraikela.,Education,MEDIUM
Request for placing separate green and blue waste segregation bins in park at Dhanbad.,Sanitation,LOW
Notice board showing daily mandi crop prices missing at grain market Khunti.,Agriculture,LOW
Continuous power blackout in civil hospital during emergency surgeries in Bokaro.,Energy,CRITICAL
School bus driver driving recklessly with overcrowded children on Station Road.,Education,MEDIUM
Primary Health Centre in Dhanbad has no medical doctor present for the past 10 days.,Healthcare,HIGH
"Illegal sand mining mafia using heavy dredging excavators, destroying river ecosystem and groundwater table at Deoghar.",Environment,CRITICAL
Notice board showing daily mandi crop prices missing at grain market Giridih.,Agriculture,LOW
"Doctor at dispensary arriving 3 hours late regularly, causing senior citizens to wait in sun in Sahebganj.",Healthcare,MEDIUM
"No electricity connection in rural school Chatra, children sitting in dark classrooms in 43°C summer.",Education,HIGH
Door-to-door garbage collection vehicle skipping collection in sector 7 of Saraikela.,Sanitation,MEDIUM
Frequent sudden voltage spikes burning electronic LED appliances in colony Deoghar.,Energy,MEDIUM
Door-to-door garbage collection vehicle skipping collection in sector 28 of Khunti.,Sanitation,MEDIUM
Display board showing doctor consultation timings missing outside health clinic Ramgarh.,Healthcare,LOW
"Hailstorm and gale winds flattened standing crops across village Bokaro, farmers facing total bankruptcy.",Agriculture,CRITICAL
Abandoned scrap car left parked on colony street corner for 1 year in Khunti.,Public Safety,LOW
Street name board in ward 25 of Gumla is rusted and illegible.,Urban Infrastructure,LOW
Water supply timing in Chatra changed abruptly to 2 AM without prior public notice.,Water Management,MEDIUM
Frequent drunken brawls and stone pelting outside illegal country liquor shop near school in Ranchi.,Public Safety,HIGH
Market vegetable vendors dumping rotten produce directly into open stormwater drains in Sahebganj.,Sanitation,MEDIUM
Excessive noise pollution from industrial diesel generators running all night in declared silent zone of Dumka.,Environment,MEDIUM
Agricultural extension officer not available on scheduled field visit day in Chatra.,Agriculture,LOW
"All streetlights on main ring road Hospital Road non-functional for past 10 days, high accident danger.",Urban Infrastructure,HIGH
"Canal embankment breached by heavy flow, submerging 200 acres of paddy fields and farmers' huts in Chatra.",Agriculture,CRITICAL
Overgrown wild weeds and Congress grass causing seasonal pollen allergies in colony park Godda.,Environment,LOW
Overloaded passenger boat capsized risk due to cracked hull at river crossing in Garhwa.,Transportation,CRITICAL
Chalkboard in class 5 at primary school West Singhbhum has cracks and needs repainting.,Education,LOW
Fallen autumn leaves accumulated in street gutters in sector 16 of Khunti.,Sanitation,LOW
Water storage reservoir wall cracked and threatening to submerge adjacent village Palamu.,Water Management,CRITICAL
Request for placing separate green and blue waste segregation bins in park at Gumla.,Sanitation,LOW
"Bridge approach road collapsed, leaving public transport buses stranded on ledge near Jamtara.",Transportation,CRITICAL
Pedestrian subway flooded with 5 feet of stormwater and live electrical wires submerged in water.,Urban Infrastructure,CRITICAL
Door-to-door garbage collection vehicle skipping collection in sector 9 of Dhanbad.,Sanitation,MEDIUM
Staff at government health sub-centre in Ramgarh demanding illicit money for issuing vaccination certificates.,Healthcare,MEDIUM
Dead animal carcass found decaying inside the community drinking water overhead tank in Gumla.,Water Management,CRITICAL
Request for tree plantation drive along newly expanded 4-lane avenue in Jamtara.,Environment,LOW
Water smells strongly like foul drainage water and looks muddy black from municipal connection in Dhanbad.,Water Management,HIGH
Staff at government health sub-centre in Garhwa demanding illicit money for issuing vaccination certificates.,Healthcare,MEDIUM
Chalkboard in class 5 at primary school Chaibasa has cracks and needs repainting.,Education,LOW
"No electricity connection in rural school Ramgarh, children sitting in dark classrooms in 43°C summer.",Education,HIGH
Pavement curbs need repainting in reflective yellow paint along Market Square.,Urban Infrastructure,LOW
"Submersible pump at community borewell completely burned out, leaving entire village Chatra without drinking water.",Water Management,HIGH
Divider break on fast expressway in Garhwa causing tractors and two-wheelers to drive on wrong side.,Urban Infrastructure,HIGH
Scheduled municipal water tanker delayed by more than 24 hours in ward 13 of Deoghar.,Water Management,MEDIUM
"Bus stop shelter collapsed in heavy storm, commuters forced to stand on highway in rain in Hazaribagh.",Transportation,MEDIUM
Pesticide dumping caused sudden death of thousands of fish in community lake at Bokaro.,Environment,HIGH
"Classroom roof leaking severely during monsoon rain, destroying desks and textbooks in Simdega.",Education,HIGH
Request for additional bus stop shelter along newly developed residential sector in Ramgarh.,Transportation,LOW
"Classroom roof leaking severely during monsoon rain, destroying desks and textbooks in Chatra.",Education,HIGH
"Middle school in Ramgarh has no functional toilet for girl students, causing massive dropouts.",Education,HIGH
Footbridge over railway tracks in Gumla has severely rusted corroded pillars shaking in wind.,Urban Infrastructure,HIGH
Pavement curbs need repainting in reflective yellow paint along Station Road.,Urban Infrastructure,LOW
Slum settlement in Palamu experiencing severe hepatitis outbreak due to open sewage pools.,Sanitation,CRITICAL
Certified seeds provided at block development office had less than 20% germination rate in Jamshedpur.,Agriculture,MEDIUM
Footbridge over railway tracks in Gumla has severely rusted corroded pillars shaking in wind.,Urban Infrastructure,HIGH
"Highway flyover expansion joint widened by 6 inches, vibrating violently under vehicular movement in Saraikela.",Urban Infrastructure,CRITICAL
Water pipeline breach drowned three cows and flooded electrical sub-station near Circular Road.,Water Management,CRITICAL
Illegal booster pumps installed by several residents in Sahebganj causing zero water pressure in neighboring homes.,Water Management,MEDIUM
Plastic waste and non-biodegradable thermocol clogging forest stream in tourist spot Giridih.,Environment,MEDIUM
Transformer overloaded and tripping every 20 minutes across 400 households in ward 10 of Hazaribagh.,Energy,HIGH
"Night bus transport service discontinued abruptly, leaving female hospital workers unsafe in Giridih.",Transportation,HIGH
X-ray and Sonography machines at Community Health Centre Garhwa out of order for past 21 weeks.,Healthcare,HIGH
Dilapidated four-story abandoned factory on verge of immediate structural collapse near crowded marketplace in Gumla.,Public Safety,CRITICAL
Emergency Police dial 112 / 100 helpline calls ringing unanswered during violent burglary distress in Deoghar.,Public Safety,CRITICAL
"Unmanned railway level crossing with broken boom barrier, blind collision hazard on Hospital Road.",Transportation,CRITICAL
"Doctor at dispensary arriving 3 hours late regularly, causing senior citizens to wait in sun in Sahebganj.",Healthcare,MEDIUM
"Community water tap handle rusted and broken, water dripping continuously in Dhanbad.",Water Management,MEDIUM
Drainage silt cleared by cleaners left piled on pedestrian pavement and never carted away in Chatra.,Sanitation,MEDIUM
"Massive landslide and retaining wall collapse blocked state highway College Road, trapping vehicles under debris.",Urban Infrastructure,CRITICAL
Auto rickshaw stand encroaching on pedestrian crossing near market Hazaribagh.,Transportation,LOW
"Major highway bridge over river has developed structural cracks, concrete chunks falling into river near Pakur.",Urban Infrastructure,CRITICAL
Scheduled municipal water tanker delayed by more than 24 hours in ward 14 of Palamu.,Water Management,MEDIUM
"No tap water supply in Chatra for past 4 days, residents forced to purchase private tankers at huge rates.",Water Management,HIGH
Fake and counterfeit antibiotics distributed through government pharmacy outlet in Dumka.,Healthcare,CRITICAL
Plastic waste and non-biodegradable thermocol clogging forest stream in tourist spot Dumka.,Environment,MEDIUM
Illegal booster pumps installed by several residents in Giridih causing zero water pressure in neighboring homes.,Water Management,MEDIUM
ICU backup oxygen cylinder supply failed during power cut in sub-divisional hospital Koderma.,Healthcare,CRITICAL
Unscheduled power cuts lasting 12 to 16 hours daily in Pakur during peak summer heatwave.,Energy,HIGH
Community public toilet complex locked and overflowing with feces in ward 24 of Bokaro.,Sanitation,HIGH
"Stone crushing factories operating without water sprinklers, entire residential area enveloped in toxic silica dust in Sahebganj.",Environment,HIGH
Water meter glass cloudy and hard to read at property in Simdega.,Water Management,LOW
"Contractual teachers going on indefinite strike, leaving school completely shut for 10 days in Giridih.",Education,HIGH
Old transport truck emitting black smoke exhaust while idling at traffic stop in Dumka.,Environment,LOW
Street signboards fallen down and lying in ditch near entrance of Bokaro.,Urban Infrastructure,MEDIUM
"Underground sewage trunk line choked, raw sewage water backflowing into hundreds of houses in Lohardaga.",Sanitation,CRITICAL
ICU backup oxygen cylinder supply failed during power cut in sub-divisional hospital Saraikela.,Healthcare,CRITICAL
Farmer credit card passbook printer out of paper at rural bank branch Chaibasa.,Agriculture,LOW
"Dangerous potholes covering entire 5 km stretch of College Road, making emergency ambulance transit impossible.",Urban Infrastructure,HIGH
"Major highway bridge over river has developed structural cracks, concrete chunks falling into river near Palamu.",Urban Infrastructure,CRITICAL
"Contractual teachers going on indefinite strike, leaving school completely shut for 5 days in Giridih.",Education,HIGH
Agricultural extension officer not available on scheduled field visit day in Simdega.,Agriculture,LOW
Door-to-door garbage collection vehicle skipping collection in sector 2 of Garhwa.,Sanitation,MEDIUM
Water pipeline breach drowned three cows and flooded electrical sub-station near GT Road.,Water Management,CRITICAL
"Bridge approach road collapsed, leaving public transport buses stranded on ledge near Chaibasa.",Transportation,CRITICAL
Fake and counterfeit antibiotics distributed through government pharmacy outlet in Jamtara.,Healthcare,CRITICAL
Residential smart meter installation application pending for 3 months in Jamshedpur.,Energy,LOW
Water bill received has higher meter reading than actual consumption in Palamu.,Water Management,LOW
Unauthorized commercial advertising banners blocking driver visibility at road turning in Koderma.,Public Safety,LOW
Ticket vending machine at bus terminal out of order in Ramgarh.,Transportation,LOW
"Dialysis unit machines broken down, chronic kidney patients turned away without treatment in Pakur.",Healthcare,HIGH
Water meter glass cloudy and hard to read at property in Sahebganj.,Water Management,LOW
Drainage silt cleared by cleaners left piled on pedestrian pavement and never carted away in Garhwa.,Sanitation,MEDIUM
Deforestation and unmonitored hill cutting leading to soil erosion onto roads during monsoons in Koderma.,Environment,MEDIUM
Request for shifting electricity pole standing slightly inward on private driveway in Koderma.,Energy,LOW
Loud music played after 10 PM during local marriage celebrations in sector 23 of Chaibasa.,Public Safety,LOW
"Doctor at dispensary arriving 3 hours late regularly, causing senior citizens to wait in sun in Sahebganj.",Healthcare,MEDIUM
"School bell system broken, manual gong being used in school Godda.",Education,LOW
"Brick kilns operating illegal coal combustion chimneys, air quality index crossing severe 450 in Chatra.",Environment,HIGH
Fake and counterfeit antibiotics distributed through government pharmacy outlet in Jamshedpur.,Healthcare,CRITICAL
"Main storm drain culvert collapsed under truck weight, half the road completely severed in Jamshedpur.",Urban Infrastructure,HIGH
"Hazardous industrial gas leak from factory causing nausea, fainting, and breathing distress in surrounding village Chatra.",Environment,CRITICAL
"Hazardous industrial gas leak from factory causing nausea, fainting, and breathing distress in surrounding village Palamu.",Environment,CRITICAL
"Bus stop shelter collapsed in heavy storm, commuters forced to stand on highway in rain in Deoghar.",Transportation,MEDIUM
X-ray and Sonography machines at Community Health Centre Ranchi out of order for past 21 weeks.,Healthcare,HIGH
Pesticide dumping caused sudden death of thousands of fish in community lake at Ramgarh.,Environment,HIGH
Underground pipe leak causing clean drinking water to pool on the street near GT Road.,Water Management,MEDIUM
Frequent drunken brawls and stone pelting outside illegal country liquor shop near school in Sahebganj.,Public Safety,HIGH
Public park green lawn dried up due to lack of municipal gardening staff in Koderma.,Environment,LOW
State transport buses regularly skipping designated village bus stops in Koderma.,Transportation,MEDIUM
Commercial slaughterhouse dumping animal entrails and blood directly into open municipal drain in Saraikela.,Sanitation,HIGH
Water pipeline breach drowned three cows and flooded electrical sub-station near Bypass Highway.,Water Management,CRITICAL
Anti-rabies and anti-snake venom emergency injections completely out of stock in district hospital West Singhbhum.,Healthcare,CRITICAL
Water meter glass cloudy and hard to read at property in Khunti.,Water Management,LOW
Chalkboard in class 5 at primary school Lohardaga has cracks and needs repainting.,Education,LOW
Request for shifting electricity pole standing slightly inward on private driveway in Saraikela.,Energy,LOW
Damaged sluice valve cutting drinking water supply to entire commercial and residential district in Simdega.,Water Management,HIGH
"Stray cattle wandering on state highway Industrial Area Road, causing frequent motorcycle skids and collisions.",Public Safety,MEDIUM
High voltage 11KV electrical wire snapped and lying alive on wet school pathway in Simdega.,Energy,CRITICAL
"Mid-day meal served to schoolchildren contained dead lizard and worms, 20 pupils hospitalized in Godda.",Education,CRITICAL
Request for training workshop on organic compost preparation in village Simdega.,Agriculture,LOW
Request for additional story books and encyclopedia in village school library in Khunti.,Education,LOW
Water meter glass cloudy and hard to read at property in Lohardaga.,Water Management,LOW
Market vegetable vendors dumping rotten produce directly into open stormwater drains in Ramgarh.,Sanitation,MEDIUM
Rainwater pooling at street corner due to faulty road gradient on GT Road in Ramgarh.,Urban Infrastructure,MEDIUM
Rainwater pooling at street corner due to faulty road gradient on Airport Road in Giridih.,Urban Infrastructure,MEDIUM
Dead animal carcass found decaying inside the community drinking water overhead tank in Pakur.,Water Management,CRITICAL
"Government bus service to rural block Palamu canceled without notice, college students stranded.",Transportation,HIGH
Toxic fly ash slurry dam breach flooded village agricultural fields with hazardous sludge near West Singhbhum.,Environment,CRITICAL
"Footpath paving blocks broken and dislodged, forcing school students to walk in traffic in Simdega.",Urban Infrastructure,MEDIUM
Divider break on fast expressway in Gumla causing tractors and two-wheelers to drive on wrong side.,Urban Infrastructure,HIGH
"Bus stop shelter collapsed in heavy storm, commuters forced to stand on highway in rain in Saraikela.",Transportation,MEDIUM
Certified seeds provided at block development office had less than 20% germination rate in Chaibasa.,Agriculture,MEDIUM
Dilapidated four-story abandoned factory on verge of immediate structural collapse near crowded marketplace in Jamtara.,Public Safety,CRITICAL
Overloaded passenger boat capsized risk due to cracked hull at river crossing in Ramgarh.,Transportation,CRITICAL
Commercial slaughterhouse dumping animal entrails and blood directly into open municipal drain in Jamshedpur.,Sanitation,HIGH
Frequent sudden voltage spikes burning electronic LED appliances in colony Lohardaga.,Energy,MEDIUM
"Underground electrical cable burnt, whole commercial market in total darkness for 2 days in Lohardaga.",Energy,HIGH
Damaged sluice valve cutting drinking water supply to entire commercial and residential district in Jamshedpur.,Water Management,HIGH
Leakage in water meter junction wasting thousands of liters daily outside house in Bokaro.,Water Management,MEDIUM
"Hailstorm and gale winds flattened standing crops across village Deoghar, farmers facing total bankruptcy.",Agriculture,CRITICAL
"Main storm drain culvert collapsed under truck weight, half the road completely severed in Dumka.",Urban Infrastructure,HIGH
"Drinking water contaminated with industrial chemical waste, dozens hospitalized with severe poisoning in Pakur.",Water Management,CRITICAL
Auto rickshaw stand encroaching on pedestrian crossing near market Jamshedpur.,Transportation,LOW
Surgeon and anesthesiologist absent during critical trauma patient admission at civil hospital Dhanbad.,Healthcare,CRITICAL
Child immunization camp date postponed twice without notifying parents in Deoghar.,Healthcare,MEDIUM
Minor paint flaking off classroom exterior walls in school at Simdega.,Education,LOW
Armed gang carrying out chain snatching and robberies on dark bypass stretch of Bypass Highway after 8 PM.,Public Safety,CRITICAL
"Community public RO purification plant in Koderma broken down for 14 weeks, no technician attending.",Water Management,HIGH
"Doctor at dispensary arriving 3 hours late regularly, causing senior citizens to wait in sun in Sahebganj.",Healthcare,MEDIUM
Traffic signals at four-way junction on Station Road blinking yellow continuously causing vehicle gridlocks.,Urban Infrastructure,MEDIUM
Traffic signals at four-way junction on Industrial Area Road blinking yellow continuously causing vehicle gridlocks.,Urban Infrastructure,MEDIUM
Unauthorized commercial advertising banners blocking driver visibility at road turning in Dhanbad.,Public Safety,LOW
"Water supply in Chaibasa restricted to only 15 minutes once in 3 days, causing violent disputes at community taps.",Water Management,HIGH
Unattended human sewage overflowing on main road outside pediatric hospital in Hazaribagh.,Sanitation,CRITICAL
Unauthorized commercial advertising banners blocking driver visibility at road turning in Ranchi.,Public Safety,LOW
Drip irrigation government subsidy disbursement delayed for over 8 months in Koderma.,Agriculture,MEDIUM
Community public toilet complex locked and overflowing with feces in ward 25 of Simdega.,Sanitation,HIGH
"Soil testing laboratory report delayed by 4 months, missed sowing season in block Chatra.",Agriculture,MEDIUM
"All streetlights on main ring road Hospital Road non-functional for past 45 days, high accident danger.",Urban Infrastructure,HIGH
Minor cracks appearing on walking promenade footpath in public park at Gumla.,Urban Infrastructure,LOW
Pesticide dumping caused sudden death of thousands of fish in community lake at Koderma.,Environment,HIGH
"Water supply in Garhwa restricted to only 15 minutes once in 3 days, causing violent disputes at community taps.",Water Management,HIGH
"Toxic chemical industrial waste dumped near community playground, emitting noxious fumes in Garhwa.",Sanitation,CRITICAL
Emergency Police dial 112 / 100 helpline calls ringing unanswered during violent burglary distress in Jamshedpur.,Public Safety,CRITICAL
"Commercial electricity meter running abnormally fast, inflated bill of Rs 50,000 sent to small shop in Saraikela.",Energy,MEDIUM
Old multi-story commercial market balcony collapsed onto busy pedestrian footpath in Saraikela.,Urban Infrastructure,CRITICAL
Unscheduled power cuts lasting 12 to 16 hours daily in Palamu during peak summer heatwave.,Energy,HIGH
Footbridge over railway tracks in Sahebganj has severely rusted corroded pillars shaking in wind.,Urban Infrastructure,HIGH
Pack of aggressive rabid stray dogs attacked and mauled multiple senior citizens and children in Gumla.,Public Safety,HIGH
Excessive noise pollution from industrial diesel generators running all night in declared silent zone of Jamshedpur.,Environment,MEDIUM
Water smells strongly like foul drainage water and looks muddy black from municipal connection in Dhanbad.,Water Management,HIGH
Labor room in maternal care clinic Saraikela has no running water or sterile equipment.,Healthcare,HIGH
"Bridge approach road collapsed, leaving public transport buses stranded on ledge near Khunti.",Transportation,CRITICAL
Stretcher and wheelchair wheels broken at entrance of government clinic in Khunti.,Healthcare,MEDIUM
Excessive noise pollution from industrial diesel generators running all night in declared silent zone of Palamu.,Environment,MEDIUM
Construction and demolition debris dumped openly on dry riverbed near Airport Road.,Environment,MEDIUM
"Electricity bill received after the due date, incurring unjustified penalty charge in Simdega.",Energy,LOW
Street vegetable market causing minor pedestrian bottleneck on evening sidewalks in Bokaro.,Public Safety,LOW
"Commercial private trucks parking illegally on both lanes of narrow highway Bypass Highway, causing daily fatal crashes.",Transportation,HIGH
Bus timetable display screen broken at central bus stand in Chatra.,Transportation,LOW
"Road excavated for sewage pipeline 4 months ago left unpaved, mud and dust causing daily skidding in Ranchi.",Urban Infrastructure,HIGH
Toxic fly ash slurry dam breach flooded village agricultural fields with hazardous sludge near Gumla.,Environment,CRITICAL
Street signboards fallen down and lying in ditch near entrance of Jamshedpur.,Urban Infrastructure,MEDIUM
Decorative street light poles in park Giridih have missing decorative glass covers.,Urban Infrastructure,LOW
"Canal outlet siphon silted up, tail-end farmers receiving zero irrigation flow in West Singhbhum.",Agriculture,MEDIUM
Ticket vending machine at bus terminal out of order in Simdega.,Transportation,LOW
"Electricity bill received after the due date, incurring unjustified penalty charge in Giridih.",Energy,LOW
Frequent sudden voltage spikes burning electronic LED appliances in colony Dumka.,Energy,MEDIUM
"Illegal sand mining mafia using heavy dredging excavators, destroying river ecosystem and groundwater table at Saraikela.",Environment,CRITICAL
"Desks and benches broken, students forced to sit on damp concrete floor in school at Dumka.",Education,MEDIUM
Overgrown wild weeds and Congress grass causing seasonal pollen allergies in colony park Pakur.,Environment,LOW
"Brick kilns operating illegal coal combustion chimneys, air quality index crossing severe 450 in Jamshedpur.",Environment,HIGH
Dilapidated four-story abandoned factory on verge of immediate structural collapse near crowded marketplace in Ranchi.,Public Safety,CRITICAL
"Electric pole broken at base by storm, leaning directly over tin roof of occupied house in Gumla.",Energy,CRITICAL
Excessive noise pollution from industrial diesel generators running all night in declared silent zone of Chatra.,Environment,MEDIUM
"Soil testing laboratory report delayed by 4 months, missed sowing season in block Godda.",Agriculture,MEDIUM
Slight brownish discoloration noticed in morning tap water for past two days in Hazaribagh.,Water Management,LOW
Open uncovered manhole on unlit road of Airport Road resulted in motorcycle rider falling in and suffering critical head injury.,Urban Infrastructure,CRITICAL
Child immunization camp date postponed twice without notifying parents in Dumka.,Healthcare,MEDIUM
"Bus stop shelter collapsed in heavy storm, commuters forced to stand on highway in rain in Godda.",Transportation,MEDIUM
Overhead directional signage metal frame detached and swinging dangerously over traffic on Hospital Road.,Urban Infrastructure,HIGH
"Commercial electricity meter running abnormally fast, inflated bill of Rs 50,000 sent to small shop in Koderma.",Energy,MEDIUM
Water supply timing in Deoghar changed abruptly to 2 AM without prior public notice.,Water Management,MEDIUM
"Major highway bridge over river has developed structural cracks, concrete chunks falling into river near Jamtara.",Urban Infrastructure,CRITICAL
Ticket vending machine at bus terminal out of order in Lohardaga.,Transportation,LOW
"Severe low voltage of 110V damaging all domestic refrigerators, water pumps, and fans in Jamshedpur.",Energy,HIGH
"Commercial electricity meter running abnormally fast, inflated bill of Rs 50,000 sent to small shop in Ranchi.",Energy,MEDIUM
Subsidized fertilizer (Urea and DAP) completely black-marketed and unavailable at government cooperative in Deoghar.,Agriculture,HIGH
"Massive landslide and retaining wall collapse blocked state highway Industrial Area Road, trapping vehicles under debris.",Urban Infrastructure,CRITICAL
"Bridge approach road collapsed, leaving public transport buses stranded on ledge near Deoghar.",Transportation,CRITICAL
"Agricultural power transformer burned out, tube wells non-functional during peak irrigation in Simdega.",Agriculture,HIGH
Bio-medical hazardous waste including infected needles and bandages dumped in open field behind hospital Chaibasa.,Healthcare,HIGH
Primary school and anganwadi center in Chaibasa has non-functional water taps for 3 days.,Water Management,HIGH
Market vegetable vendors dumping rotten produce directly into open stormwater drains in Giridih.,Sanitation,MEDIUM
Frequent drunken brawls and stone pelting outside illegal country liquor shop near school in Jamshedpur.,Public Safety,HIGH
"Middle school in Jamshedpur has no functional toilet for girl students, causing massive dropouts.",Education,HIGH
Market vegetable vendors dumping rotten produce directly into open stormwater drains in Koderma.,Sanitation,MEDIUM
Certified seeds provided at block development office had less than 20% germination rate in Ranchi.,Agriculture,MEDIUM
"Footpath paving blocks broken and dislodged, forcing school students to walk in traffic in Hazaribagh.",Urban Infrastructure,MEDIUM
Commercial shopping complex fire exits permanently chained shut and fire extinguisher cylinders expired in Bokaro.,Public Safety,HIGH
"Underground sewage trunk line choked, raw sewage water backflowing into hundreds of houses in Saraikela.",Sanitation,CRITICAL
"Huge garbage dump on street corner in Hazaribagh not cleared for 4 weeks, decomposing and blocking traffic.",Sanitation,HIGH
"Hailstorm and gale winds flattened standing crops across village Bokaro, farmers facing total bankruptcy.",Agriculture,CRITICAL
"Mid-day meal served to schoolchildren contained dead lizard and worms, 20 pupils hospitalized in Ramgarh.",Education,CRITICAL
Deforestation and unmonitored hill cutting leading to soil erosion onto roads during monsoons in Dhanbad.,Environment,MEDIUM
Pack of aggressive rabid stray dogs attacked and mauled multiple senior citizens and children in Bokaro.,Public Safety,HIGH
Organized cyber fraud gang duping illiterate rural elders of their pension funds under fake scheme in Ramgarh.,Public Safety,MEDIUM
"School boundary wall collapsed near railway line, exposing small children to high-speed trains in Jamshedpur.",Education,CRITICAL
"Cold storage plant cooling gas leaked, ruining entire stored potato and tomato harvest in Chatra.",Agriculture,CRITICAL
Overloaded passenger boat capsized risk due to cracked hull at river crossing in Lohardaga.,Transportation,CRITICAL
"Main municipal water pipeline exploded on Airport Road, flooding residential homes and cutting supply to 800 families.",Water Management,CRITICAL
Commercial shopping complex fire exits permanently chained shut and fire extinguisher cylinders expired in Jamtara.,Public Safety,HIGH
Slum settlement in Lohardaga experiencing severe hepatitis outbreak due to open sewage pools.,Sanitation,CRITICAL
State transport bus operating with completely worn bald tires and failing hydraulic brakes on hill route near Giridih.,Transportation,CRITICAL
"All streetlights on main ring road Ring Road non-functional for past 5 days, high accident danger.",Urban Infrastructure,HIGH
"Community public RO purification plant in Pakur broken down for 14 weeks, no technician attending.",Water Management,HIGH
"All streetlights on main ring road Bypass Highway non-functional for past 3 days, high accident danger.",Urban Infrastructure,HIGH
"Cold storage plant cooling gas leaked, ruining entire stored potato and tomato harvest in Hazaribagh.",Agriculture,CRITICAL
Drip irrigation government subsidy disbursement delayed for over 8 months in Gumla.,Agriculture,MEDIUM
Loud music played after 10 PM during local marriage celebrations in sector 6 of Deoghar.,Public Safety,LOW
Drip irrigation government subsidy disbursement delayed for over 8 months in Dumka.,Agriculture,MEDIUM
Illegal booster pumps installed by several residents in Chaibasa causing zero water pressure in neighboring homes.,Water Management,MEDIUM
Old multi-story commercial market balcony collapsed onto busy pedestrian footpath in Chatra.,Urban Infrastructure,CRITICAL
Rainwater pooling at street corner due to faulty road gradient on GT Road in Godda.,Urban Infrastructure,MEDIUM
Frequent sudden voltage spikes burning electronic LED appliances in colony Ranchi.,Energy,MEDIUM
"Dead cattle carcass lying rotting on roadside of College Road for 3 days, causing unbearable stench.",Sanitation,HIGH
Dilapidated school building declared unsafe still hosting classes of 200 primary pupils in Gumla.,Education,CRITICAL
Free textbooks and uniforms under government educational scheme not distributed even 4 months after session start in West Singhbhum.,Education,MEDIUM
Unauthorized commercial advertising banners blocking driver visibility at road turning in Ramgarh.,Public Safety,LOW
Old transport truck emitting black smoke exhaust while idling at traffic stop in Saraikela.,Environment,LOW
"No tap water supply in Saraikela for past 21 days, residents forced to purchase private tankers at huge rates.",Water Management,HIGH
Arsenic and fluoride contamination in handpumps causing skeletal deformities in rural Bokaro.,Water Management,CRITICAL
Pavement curbs need repainting in reflective yellow paint along Hospital Road.,Urban Infrastructure,LOW
Massive locust attack destroying standing wheat and mustard crops across 500 hectares in Simdega.,Agriculture,CRITICAL
"Brick kilns operating illegal coal combustion chimneys, air quality index crossing severe 450 in Khunti.",Environment,HIGH
Mosquito breeding epidemic in Godda due to stagnant black sewage water in uncleaned open drains.,Sanitation,HIGH
"Open deep stone quarry pit filled with 40 feet of stagnant water without fencing, child drowned yesterday in Dumka.",Public Safety,CRITICAL
Dense poisonous smoke from open garbage burning at municipal dumping ground suffocating Saraikela.,Environment,HIGH
"Major highway bridge over river has developed structural cracks, concrete chunks falling into river near Pakur.",Urban Infrastructure,CRITICAL
Stretcher and wheelchair wheels broken at entrance of government clinic in Garhwa.,Healthcare,MEDIUM
Minor paint flaking off classroom exterior walls in school at West Singhbhum.,Education,LOW
Old transport truck emitting black smoke exhaust while idling at traffic stop in Giridih.,Environment,LOW
"Brick kilns operating illegal coal combustion chimneys, air quality index crossing severe 450 in Saraikela.",Environment,HIGH
"Road excavated for sewage pipeline 4 months ago left unpaved, mud and dust causing daily skidding in Jamtara.",Urban Infrastructure,HIGH
Notice board showing daily mandi crop prices missing at grain market Saraikela.,Agriculture,LOW
Excessive noise pollution from industrial diesel generators running all night in declared silent zone of Chaibasa.,Environment,MEDIUM
Overgrown wild weeds and Congress grass causing seasonal pollen allergies in colony park Gumla.,Environment,LOW
Auto rickshaw stand encroaching on pedestrian crossing near market Khunti.,Transportation,LOW
Water bill received has higher meter reading than actual consumption in Hazaribagh.,Water Management,LOW
"Huge garbage dump on street corner in Garhwa not cleared for 21 weeks, decomposing and blocking traffic.",Sanitation,HIGH
Labor room in maternal care clinic Palamu has no running water or sterile equipment.,Healthcare,HIGH
Continuous power blackout in civil hospital during emergency surgeries in Lohardaga.,Energy,CRITICAL
Fake spurious pesticide sold by licensed supplier wiped out entire cotton crop in block Saraikela.,Agriculture,CRITICAL
"Electricity bill received after the due date, incurring unjustified penalty charge in Ranchi.",Energy,LOW
Public park green lawn dried up due to lack of municipal gardening staff in Ranchi.,Environment,LOW
"Highway flyover expansion joint widened by 6 inches, vibrating violently under vehicular movement in Sahebganj.",Urban Infrastructure,CRITICAL
"Unmanned railway level crossing with broken boom barrier, blind collision hazard on College Road.",Transportation,CRITICAL
"Electric pole broken at base by storm, leaning directly over tin roof of occupied house in Lohardaga.",Energy,CRITICAL
Rainwater pooling at street corner due to faulty road gradient on GT Road in Dhanbad.,Urban Infrastructure,MEDIUM
Construction and demolition debris dumped openly on dry riverbed near Main Road.,Environment,MEDIUM
Request for additional story books and encyclopedia in village school library in West Singhbhum.,Education,LOW
Organized cyber fraud gang duping illiterate rural elders of their pension funds under fake scheme in Saraikela.,Public Safety,MEDIUM
Frequent sudden voltage spikes burning electronic LED appliances in colony Dhanbad.,Energy,MEDIUM
Public dustbins in market area Hazaribagh broken and overflowing with plastic bags.,Sanitation,MEDIUM
"Dead cattle carcass lying rotting on roadside of Airport Road for 3 days, causing unbearable stench.",Sanitation,HIGH
Divider break on fast expressway in Koderma causing tractors and two-wheelers to drive on wrong side.,Urban Infrastructure,HIGH
"Electric pole broken at base by storm, leaning directly over tin roof of occupied house in Lohardaga.",Energy,CRITICAL
Lineman demanding bribe to replace blown transformer fuse in village Chaibasa.,Energy,HIGH
Unattended human sewage overflowing on main road outside pediatric hospital in Saraikela.,Sanitation,CRITICAL
"Brick kilns operating illegal coal combustion chimneys, air quality index crossing severe 450 in Godda.",Environment,HIGH
Scheduled municipal water tanker delayed by more than 24 hours in ward 14 of Saraikela.,Water Management,MEDIUM
Frequent drunken brawls and stone pelting outside illegal country liquor shop near school in Simdega.,Public Safety,HIGH
"Agricultural power transformer burned out, tube wells non-functional during peak irrigation in Dumka.",Agriculture,HIGH
Electric wires tangled in tree branches causing sparks in wind near Station Road in Saraikela.,Energy,MEDIUM
High voltage 11KV electrical wire snapped and lying alive on wet school pathway in Jamshedpur.,Energy,CRITICAL
Illegal booster pumps installed by several residents in West Singhbhum causing zero water pressure in neighboring homes.,Water Management,MEDIUM
"Stray cattle wandering on state highway Station Road, causing frequent motorcycle skids and collisions.",Public Safety,MEDIUM
Anti-rabies and anti-snake venom emergency injections completely out of stock in district hospital Deoghar.,Healthcare,CRITICAL
"Electric pole broken at base by storm, leaning directly over tin roof of occupied house in Pakur.",Energy,CRITICAL
Municipal sanitation sweepers have not visited colony Palamu for past 2 days.,Sanitation,MEDIUM
Sticker bills and posters defacing newly painted public sanitation facility in Hazaribagh.,Sanitation,LOW
Water bill received has higher meter reading than actual consumption in Chaibasa.,Water Management,LOW
Leakage in water meter junction wasting thousands of liters daily outside house in Saraikela.,Water Management,MEDIUM
Illegal commercial timber logging and cutting of ancient Sal trees in protected forest zone of Jamtara.,Environment,HIGH
Water storage reservoir wall cracked and threatening to submerge adjacent village Simdega.,Water Management,CRITICAL
Street signboards fallen down and lying in ditch near entrance of Sahebganj.,Urban Infrastructure,MEDIUM
Request for shifting electricity pole standing slightly inward on private driveway in Simdega.,Energy,LOW
"Submersible pump at community borewell completely burned out, leaving entire village Pakur without drinking water.",Water Management,HIGH
Street name board in ward 15 of Deoghar is rusted and illegible.,Urban Infrastructure,LOW
Illegal commercial timber logging and cutting of ancient Sal trees in protected forest zone of Giridih.,Environment,HIGH
"Commercial private trucks parking illegally on both lanes of narrow highway Industrial Area Road, causing daily fatal crashes.",Transportation,HIGH
Unscheduled power cuts lasting 12 to 16 hours daily in Gumla during peak summer heatwave.,Energy,HIGH
Transformer overloaded and tripping every 20 minutes across 400 households in ward 13 of Chaibasa.,Energy,HIGH
Streetlight junction box sparking loudly every evening during dusk in Garhwa.,Energy,MEDIUM
Transformer overloaded and tripping every 20 minutes across 400 households in ward 2 of Jamshedpur.,Energy,HIGH
Request for seating benches in outdoor waiting shed of health center Bokaro.,Healthcare,LOW
Lineman demanding bribe to replace blown transformer fuse in village Chaibasa.,Energy,HIGH
Construction and demolition debris dumped openly on dry riverbed near Hospital Road.,Environment,MEDIUM
Street name board in ward 6 of Deoghar is rusted and illegible.,Urban Infrastructure,LOW
Loud music played after 10 PM during local marriage celebrations in sector 6 of Jamtara.,Public Safety,LOW
Water smells strongly like foul drainage water and looks muddy black from municipal connection in Dumka.,Water Management,HIGH
Transformer overloaded and tripping every 20 minutes across 400 households in ward 16 of Lohardaga.,Energy,HIGH
Drip irrigation government subsidy disbursement delayed for over 8 months in Dhanbad.,Agriculture,MEDIUM
"Desks and benches broken, students forced to sit on damp concrete floor in school at Jamshedpur.",Education,MEDIUM
Requesting installation of an additional community water tap near the new bus stop in Saraikela.,Water Management,LOW
"Government ambulance dial 108 helpline not answering, pregnant patient died en route in Deoghar.",Healthcare,CRITICAL
Toxic fly ash slurry dam breach flooded village agricultural fields with hazardous sludge near Saraikela.,Environment,CRITICAL
"Underground sewage trunk line choked, raw sewage water backflowing into hundreds of houses in Garhwa.",Sanitation,CRITICAL
Dangerous blind hairpin curve on ghat road Saraikela has broken safety crash barriers and zero reflectors.,Transportation,HIGH
Abandoned scrap car left parked on colony street corner for 1 year in Pakur.,Public Safety,LOW
Government high school in Jamtara has no math or science teacher for the entire academic year.,Education,HIGH
"Complete groundwater depletion in Chaibasa, borewells pumping sand, emergency relief tankers urgently needed.",Water Management,CRITICAL
"Government bus service to rural block Deoghar canceled without notice, college students stranded.",Transportation,HIGH
Residential smart meter installation application pending for 3 months in Saraikela.,Energy,LOW
"Dialysis unit machines broken down, chronic kidney patients turned away without treatment in Dhanbad.",Healthcare,HIGH
"Main storm drain culvert collapsed under truck weight, half the road completely severed in Godda.",Urban Infrastructure,HIGH
"Footpath paving blocks broken and dislodged, forcing school students to walk in traffic in Jamtara.",Urban Infrastructure,MEDIUM
Request for placing separate green and blue waste segregation bins in park at Sahebganj.,Sanitation,LOW
Herd of wild boars and elephants destroying standing sugarcane crops nightly in farm belt Deoghar.,Agriculture,HIGH
Minor cracks appearing on walking promenade footpath in public park at Garhwa.,Urban Infrastructure,LOW
"Massive landslide and retaining wall collapse blocked state highway Airport Road, trapping vehicles under debris.",Urban Infrastructure,CRITICAL
"Illegal sand mining mafia using heavy dredging excavators, destroying river ecosystem and groundwater table at Pakur.",Environment,CRITICAL
Toxic fly ash slurry dam breach flooded village agricultural fields with hazardous sludge near Lohardaga.,Environment,CRITICAL
"Electricity bill received after the due date, incurring unjustified penalty charge in Godda.",Energy,LOW
Septic tank leaked directly into municipal drinking water pipeline trench in Jamshedpur.,Sanitation,CRITICAL
Request for zebra crossing painting outside primary school gate in Palamu.,Urban Infrastructure,LOW
"Agricultural power transformer burned out, tube wells non-functional during peak irrigation in Hazaribagh.",Agriculture,HIGH
"Doctor at dispensary arriving 3 hours late regularly, causing senior citizens to wait in sun in Palamu.",Healthcare,MEDIUM
Footbridge over railway tracks in Lohardaga has severely rusted corroded pillars shaking in wind.,Urban Infrastructure,HIGH
Notice board showing daily mandi crop prices missing at grain market Hazaribagh.,Agriculture,LOW
ICU backup oxygen cylinder supply failed during power cut in sub-divisional hospital Hazaribagh.,Healthcare,CRITICAL
Crater-sized deep pothole on fast lane of Station Road caused three consecutive car rollover accidents last night.,Urban Infrastructure,CRITICAL
Massive forest fire spreading uncontrolled toward tribal settlements and wildlife habitat in Khunti.,Environment,CRITICAL
Primary school and anganwadi center in Dumka has non-functional water taps for 3 days.,Water Management,HIGH
Illegal crude firecracker and explosives manufacturing operating in densely packed residential colony in Simdega.,Public Safety,CRITICAL
"Highway flyover expansion joint widened by 6 inches, vibrating violently under vehicular movement in Sahebganj.",Urban Infrastructure,CRITICAL
Request for additional bus stop shelter along newly developed residential sector in Dhanbad.,Transportation,LOW
Fake spurious pesticide sold by licensed supplier wiped out entire cotton crop in block Jamshedpur.,Agriculture,CRITICAL
Pedestrian subway flooded with 5 feet of stormwater and live electrical wires submerged in water.,Urban Infrastructure,CRITICAL
Old multi-story commercial market balcony collapsed onto busy pedestrian footpath in Simdega.,Urban Infrastructure,CRITICAL
"Commercial private trucks parking illegally on both lanes of narrow highway Bypass Highway, causing daily fatal crashes.",Transportation,HIGH
Residential smart meter installation application pending for 3 months in Saraikela.,Energy,LOW
Severe shortage of water tankers in drought-prone block Pakur despite multiple registered complaints.,Water Management,HIGH
Crater-sized deep pothole on fast lane of Hospital Road caused three consecutive car rollover accidents last night.,Urban Infrastructure,CRITICAL
Old multi-story commercial market balcony collapsed onto busy pedestrian footpath in Godda.,Urban Infrastructure,CRITICAL
"Stone crushing factories operating without water sprinklers, entire residential area enveloped in toxic silica dust in Hazaribagh.",Environment,HIGH
Street name board in ward 8 of Garhwa is rusted and illegible.,Urban Infrastructure,LOW
School computer lab equipment locked in boxes for 2 years without power connection in Giridih.,Education,MEDIUM
"Pedestrian subway has zero lighting, non-functional CCTV, and zero police patrols, making it dangerous after dark in Giridih.",Public Safety,HIGH
Damaged sluice valve cutting drinking water supply to entire commercial and residential district in Garhwa.,Water Management,HIGH
"Solar street light battery backup discharged, light turning off by 10 PM in Jamshedpur.",Energy,LOW
Massive locust attack destroying standing wheat and mustard crops across 500 hectares in West Singhbhum.,Agriculture,CRITICAL
Free textbooks and uniforms under government educational scheme not distributed even 4 months after session start in West Singhbhum.,Education,MEDIUM
Street signboards fallen down and lying in ditch near entrance of Dhanbad.,Urban Infrastructure,MEDIUM
Display board showing doctor consultation timings missing outside health clinic Bokaro.,Healthcare,LOW
Illegal crude firecracker and explosives manufacturing operating in densely packed residential colony in Bokaro.,Public Safety,CRITICAL
"Main storm drain culvert collapsed under truck weight, half the road completely severed in Ramgarh.",Urban Infrastructure,HIGH
Request for seating benches in outdoor waiting shed of health center Chaibasa.,Healthcare,LOW
"Canal outlet siphon silted up, tail-end farmers receiving zero irrigation flow in West Singhbhum.",Agriculture,MEDIUM
Illegal booster pumps installed by several residents in Jamshedpur causing zero water pressure in neighboring homes.,Water Management,MEDIUM
Streetlight junction box sparking loudly every evening during dusk in Ranchi.,Energy,MEDIUM
Sticker bills and posters defacing newly painted public sanitation facility in Simdega.,Sanitation,LOW
Loud music played after 10 PM during local marriage celebrations in sector 29 of Saraikela.,Public Safety,LOW
"Submersible pump at community borewell completely burned out, leaving entire village Chatra without drinking water.",Water Management,HIGH
"Classroom roof leaking severely during monsoon rain, destroying desks and textbooks in Chatra.",Education,HIGH
"Acute dengue and viral encephalitis outbreak claiming lives of children in Saraikela, immediate medical team required.",Healthcare,CRITICAL
Pavement curbs need repainting in reflective yellow paint along Hospital Road.,Urban Infrastructure,LOW
Agricultural irrigation feeder canal dry for 30 weeks during critical sowing season in Garhwa.,Agriculture,HIGH
School playground in Jamshedpur taken over by unauthorized parked commercial vehicles.,Education,MEDIUM
Subsidized fertilizer (Urea and DAP) completely black-marketed and unavailable at government cooperative in Simdega.,Agriculture,HIGH
Drinking water supply poisoned due to pesticide tank leakage near local water pump house.,Water Management,CRITICAL
"Community public RO purification plant in Khunti broken down for 3 weeks, no technician attending.",Water Management,HIGH
Dilapidated four-story abandoned factory on verge of immediate structural collapse near crowded marketplace in Palamu.,Public Safety,CRITICAL
"Underground sewage trunk line choked, raw sewage water backflowing into hundreds of houses in Chaibasa.",Sanitation,CRITICAL
"School boundary wall collapsed near railway line, exposing small children to high-speed trains in Jamtara.",Education,CRITICAL
"Dead cattle carcass lying rotting on roadside of College Road for 3 days, causing unbearable stench.",Sanitation,HIGH
Request for additional bus stop shelter along newly developed residential sector in Deoghar.,Transportation,LOW
ICU backup oxygen cylinder supply failed during power cut in sub-divisional hospital Pakur.,Healthcare,CRITICAL
"Highway flyover expansion joint widened by 6 inches, vibrating violently under vehicular movement in Ramgarh.",Urban Infrastructure,CRITICAL
Ticket vending machine at bus terminal out of order in Khunti.,Transportation,LOW
Agricultural extension officer not available on scheduled field visit day in Hazaribagh.,Agriculture,LOW
Request for zebra crossing painting outside primary school gate in Pakur.,Urban Infrastructure,LOW
"Dialysis unit machines broken down, chronic kidney patients turned away without treatment in Hazaribagh.",Healthcare,HIGH
"Acute dengue and viral encephalitis outbreak claiming lives of children in Chaibasa, immediate medical team required.",Healthcare,CRITICAL
Overhead directional signage metal frame detached and swinging dangerously over traffic on Hospital Road.,Urban Infrastructure,HIGH
Potholes at bus terminal depot damaging public vehicle axles and stalling departures in Ramgarh.,Transportation,MEDIUM
Dilapidated school building declared unsafe still hosting classes of 200 primary pupils in Bokaro.,Education,CRITICAL
Pavement curbs need repainting in reflective yellow paint along College Road.,Urban Infrastructure,LOW
Minor paint flaking off classroom exterior walls in school at Simdega.,Education,LOW
"Doctor at dispensary arriving 3 hours late regularly, causing senior citizens to wait in sun in Chaibasa.",Healthcare,MEDIUM
Fake spurious pesticide sold by licensed supplier wiped out entire cotton crop in block Dhanbad.,Agriculture,CRITICAL
Decorative street light poles in park Pakur have missing decorative glass covers.,Urban Infrastructure,LOW
Shared auto drivers driving rashly on wrong side of highway and charging 3x metered fare in West Singhbhum.,Transportation,MEDIUM
Subsidized fertilizer (Urea and DAP) completely black-marketed and unavailable at government cooperative in Hazaribagh.,Agriculture,HIGH
Request for placing separate green and blue waste segregation bins in park at Dumka.,Sanitation,LOW
"Doctor at dispensary arriving 3 hours late regularly, causing senior citizens to wait in sun in Chaibasa.",Healthcare,MEDIUM
"Underground electrical cable burnt, whole commercial market in total darkness for 2 days in Saraikela.",Energy,HIGH
Notice board showing daily mandi crop prices missing at grain market Chaibasa.,Agriculture,LOW
Unattended human sewage overflowing on main road outside pediatric hospital in Jamtara.,Sanitation,CRITICAL
Overhead directional signage metal frame detached and swinging dangerously over traffic on Ring Road.,Urban Infrastructure,HIGH
Extreme overcrowding in city buses with passengers hanging precariously from footboards and window grills in Chaibasa.,Transportation,HIGH
"Canal outlet siphon silted up, tail-end farmers receiving zero irrigation flow in Jamshedpur.",Agriculture,MEDIUM
Minor paint flaking off classroom exterior walls in school at Jamshedpur.,Education,LOW
Sticker bills and posters defacing newly painted public sanitation facility in Palamu.,Sanitation,LOW
CCTV cameras installed at main market intersection non-functional for past 6 months in Chatra.,Public Safety,MEDIUM
Clean drinking water dispenser not working in hospital OPD waiting lounge in Ramgarh.,Healthcare,LOW
Massive forest fire spreading uncontrolled toward tribal settlements and wildlife habitat in Gumla.,Environment,CRITICAL
"Mid-day meal served to schoolchildren contained dead lizard and worms, 20 pupils hospitalized in Saraikela.",Education,CRITICAL
Residential smart meter installation application pending for 3 months in Bokaro.,Energy,LOW
Fake spurious pesticide sold by licensed supplier wiped out entire cotton crop in block Simdega.,Agriculture,CRITICAL
"Night bus transport service discontinued abruptly, leaving female hospital workers unsafe in Jamtara.",Transportation,HIGH
Bio-medical hazardous waste including infected needles and bandages dumped in open field behind hospital Saraikela.,Healthcare,HIGH
"Toxic chemical industrial waste dumped near community playground, emitting noxious fumes in Simdega.",Sanitation,CRITICAL
Decorative street light poles in park Deoghar have missing decorative glass covers.,Urban Infrastructure,LOW
Arsenic and fluoride contamination in handpumps causing skeletal deformities in rural Simdega.,Water Management,CRITICAL
"Solar street light battery backup discharged, light turning off by 10 PM in Dhanbad.",Energy,LOW
State transport bus operating with completely worn bald tires and failing hydraulic brakes on hill route near Chatra.,Transportation,CRITICAL
"Canal embankment breached by heavy flow, submerging 200 acres of paddy fields and farmers' huts in Palamu.",Agriculture,CRITICAL
"Underground electrical cable burnt, whole commercial market in total darkness for 3 days in West Singhbhum.",Energy,HIGH
Agricultural irrigation feeder canal dry for 3 weeks during critical sowing season in Pakur.,Agriculture,HIGH
Request for additional bus stop shelter along newly developed residential sector in Dhanbad.,Transportation,LOW
"Dangerous potholes covering entire 5 km stretch of Market Square, making emergency ambulance transit impossible.",Urban Infrastructure,HIGH
Shared auto drivers driving rashly on wrong side of highway and charging 3x metered fare in Khunti.,Transportation,MEDIUM
"Underground electrical cable burnt, whole commercial market in total darkness for 2 days in Jamtara.",Energy,HIGH
Ticket vending machine at bus terminal out of order in Pakur.,Transportation,LOW
School computer lab equipment locked in boxes for 2 years without power connection in Dhanbad.,Education,MEDIUM
Water supply timing in Dumka changed abruptly to 2 AM without prior public notice.,Water Management,MEDIUM
"Open deep stone quarry pit filled with 40 feet of stagnant water without fencing, child drowned yesterday in Dhanbad.",Public Safety,CRITICAL
Municipal sanitation sweepers have not visited colony Godda for past 2 days.,Sanitation,MEDIUM
Frequent drunken brawls and stone pelting outside illegal country liquor shop near school in Koderma.,Public Safety,HIGH
State transport buses regularly skipping designated village bus stops in Gumla.,Transportation,MEDIUM
Drinking water supply poisoned due to pesticide tank leakage near local water pump house.,Water Management,CRITICAL
Construction and demolition debris dumped openly on dry riverbed near Industrial Area Road.,Environment,MEDIUM
Illegal booster pumps installed by several residents in Ranchi causing zero water pressure in neighboring homes.,Water Management,MEDIUM
"Mid-day meal served to schoolchildren contained dead lizard and worms, 20 pupils hospitalized in Simdega.",Education,CRITICAL
Auto rickshaw stand encroaching on pedestrian crossing near market Sahebganj.,Transportation,LOW
"Canal embankment breached by heavy flow, submerging 200 acres of paddy fields and farmers' huts in Koderma.",Agriculture,CRITICAL
Commercial slaughterhouse dumping animal entrails and blood directly into open municipal drain in West Singhbhum.,Sanitation,HIGH
Street vegetable market causing minor pedestrian bottleneck on evening sidewalks in Jamshedpur.,Public Safety,LOW
"Stone crushing factories operating without water sprinklers, entire residential area enveloped in toxic silica dust in Palamu.",Environment,HIGH
Bus timetable display screen broken at central bus stand in Pakur.,Transportation,LOW
Open electrical feeder pillar box with live bare busbars standing unlocked outside children's park in Simdega.,Energy,CRITICAL
Auto rickshaw stand encroaching on pedestrian crossing near market Lohardaga.,Transportation,LOW
"Main feeder water line ruptured by telecom JCB digging along GT Road, continuous massive water wastage.",Water Management,HIGH
Septic tank leaked directly into municipal drinking water pipeline trench in Garhwa.,Sanitation,CRITICAL
Emergency Police dial 112 / 100 helpline calls ringing unanswered during violent burglary distress in Deoghar.,Public Safety,CRITICAL
Loud music played after 10 PM during local marriage celebrations in sector 5 of Deoghar.,Public Safety,LOW
Deep construction trench left completely unbarricaded with zero warning hazard lamps on road in Ramgarh.,Public Safety,MEDIUM
Chemical chemical plant dumping toxic untreated red effluent directly into Subarnarekha river stream near Garhwa.,Environment,CRITICAL
Transformer overloaded and tripping every 20 minutes across 400 households in ward 24 of Ramgarh.,Energy,HIGH
Electric wires tangled in tree branches causing sparks in wind near Hospital Road in Lohardaga.,Energy,MEDIUM
"Acute dengue and viral encephalitis outbreak claiming lives of children in Saraikela, immediate medical team required.",Healthcare,CRITICAL
Crater-sized deep pothole on fast lane of Ring Road caused three consecutive car rollover accidents last night.,Urban Infrastructure,CRITICAL
"Complete groundwater depletion in Khunti, borewells pumping sand, emergency relief tankers urgently needed.",Water Management,CRITICAL
"Street dustbin missing lid, stray dogs scattering waste in Dumka.",Sanitation,LOW
Severe shortage of water tankers in drought-prone block Chaibasa despite multiple registered complaints.,Water Management,HIGH
Notice board showing daily mandi crop prices missing at grain market Jamshedpur.,Agriculture,LOW
"Pedestrian subway has zero lighting, non-functional CCTV, and zero police patrols, making it dangerous after dark in Koderma.",Public Safety,HIGH
Unattended human sewage overflowing on main road outside pediatric hospital in West Singhbhum.,Sanitation,CRITICAL
"Dialysis unit machines broken down, chronic kidney patients turned away without treatment in Sahebganj.",Healthcare,HIGH
Dilapidated school building declared unsafe still hosting classes of 200 primary pupils in Chaibasa.,Education,CRITICAL
"Stray cattle wandering on state highway Industrial Area Road, causing frequent motorcycle skids and collisions.",Public Safety,MEDIUM
State transport bus operating with completely worn bald tires and failing hydraulic brakes on hill route near Deoghar.,Transportation,CRITICAL
Drinking water supply poisoned due to pesticide tank leakage near local water pump house.,Water Management,CRITICAL
"Night bus transport service discontinued abruptly, leaving female hospital workers unsafe in Jamtara.",Transportation,HIGH
Bus timetable display screen broken at central bus stand in Pakur.,Transportation,LOW
Request for shifting electricity pole standing slightly inward on private driveway in Koderma.,Energy,LOW
Public drinking fountain near park in Chaibasa has a slow leaky washer.,Water Management,LOW
Minor cracks appearing on walking promenade footpath in public park at Godda.,Urban Infrastructure,LOW
Anti-rabies and anti-snake venom emergency injections completely out of stock in district hospital Chaibasa.,Healthcare,CRITICAL
Septic tank leaked directly into municipal drinking water pipeline trench in Koderma.,Sanitation,CRITICAL
Arsenic and fluoride contamination in handpumps causing skeletal deformities in rural Pakur.,Water Management,CRITICAL
Frequent sudden voltage spikes burning electronic LED appliances in colony Giridih.,Energy,MEDIUM
Shared auto drivers driving rashly on wrong side of highway and charging 3x metered fare in Godda.,Transportation,MEDIUM
Rainwater pooling at street corner due to faulty road gradient on Main Road in Chatra.,Urban Infrastructure,MEDIUM
Dangerous blind hairpin curve on ghat road Jamshedpur has broken safety crash barriers and zero reflectors.,Transportation,HIGH
"Huge garbage dump on street corner in Hazaribagh not cleared for 21 weeks, decomposing and blocking traffic.",Sanitation,HIGH
Requesting installation of an additional community water tap near the new bus stop in Jamtara.,Water Management,LOW
Illegal commercial timber logging and cutting of ancient Sal trees in protected forest zone of Dumka.,Environment,HIGH
Overgrown wild weeds and Congress grass causing seasonal pollen allergies in colony park Deoghar.,Environment,LOW
Child immunization camp date postponed twice without notifying parents in Ramgarh.,Healthcare,MEDIUM
"Solar street light battery backup discharged, light turning off by 10 PM in Bokaro.",Energy,LOW
Dilapidated school building declared unsafe still hosting classes of 200 primary pupils in Pakur.,Education,CRITICAL
Construction and demolition debris dumped openly on dry riverbed near Circular Road.,Environment,MEDIUM
Street signboards fallen down and lying in ditch near entrance of Dumka.,Urban Infrastructure,MEDIUM
Request for training workshop on organic compost preparation in village Palamu.,Agriculture,LOW
Potholes at bus terminal depot damaging public vehicle axles and stalling departures in Godda.,Transportation,MEDIUM
OPD registration counter has only one operator for over 400 patients daily in Dhanbad.,Healthcare,MEDIUM
"No tap water supply in Hazaribagh for past 21 days, residents forced to purchase private tankers at huge rates.",Water Management,HIGH
X-ray and Sonography machines at Community Health Centre Simdega out of order for past 30 weeks.,Healthcare,HIGH
Public dustbins in market area Jamtara broken and overflowing with plastic bags.,Sanitation,MEDIUM
Cholera and severe gastroenteritis outbreak reported due to sewage mixing in drinking water pipelines in Gumla.,Water Management,CRITICAL
"Sinkhole formed suddenly in the middle of intersection near Simdega, engulfing front of a delivery truck.",Urban Infrastructure,CRITICAL
Bio-medical hazardous waste including infected needles and bandages dumped in open field behind hospital Saraikela.,Healthcare,HIGH
Dead animal carcass found decaying inside the community drinking water overhead tank in Lohardaga.,Water Management,CRITICAL
"Unmarked and unpainted speed breaker on Station Road without reflectors, vehicles violently jumping.",Urban Infrastructure,MEDIUM
"All streetlights on main ring road Bypass Highway non-functional for past 5 days, high accident danger.",Urban Infrastructure,HIGH
Requesting installation of an additional community water tap near the new bus stop in Saraikela.,Water Management,LOW
"Dead cattle carcass lying rotting on roadside of Hospital Road for 3 days, causing unbearable stench.",Sanitation,HIGH
"Unmanned railway level crossing with broken boom barrier, blind collision hazard on Hospital Road.",Transportation,CRITICAL
"Acute dengue and viral encephalitis outbreak claiming lives of children in Jamshedpur, immediate medical team required.",Healthcare,CRITICAL
"Government ambulance dial 108 helpline not answering, pregnant patient died en route in Ranchi.",Healthcare,CRITICAL
"Drinking water tank in village school contaminated, dozens of children sick with food poisoning in Giridih.",Education,CRITICAL
Shared auto drivers driving rashly on wrong side of highway and charging 3x metered fare in Palamu.,Transportation,MEDIUM
"Agricultural power transformer burned out, tube wells non-functional during peak irrigation in Simdega.",Agriculture,HIGH
Market vegetable vendors dumping rotten produce directly into open stormwater drains in Jamtara.,Sanitation,MEDIUM
"Community public RO purification plant in Deoghar broken down for 20 weeks, no technician attending.",Water Management,HIGH
"Dead cattle carcass lying rotting on roadside of Ring Road for 3 days, causing unbearable stench.",Sanitation,HIGH
Auto rickshaw stand encroaching on pedestrian crossing near market Dhanbad.,Transportation,LOW
"No electricity connection in rural school Koderma, children sitting in dark classrooms in 43°C summer.",Education,HIGH
"All streetlights on main ring road Airport Road non-functional for past 12 days, high accident danger.",Urban Infrastructure,HIGH
Water meter glass cloudy and hard to read at property in Giridih.,Water Management,LOW
Continuous power blackout in civil hospital during emergency surgeries in Sahebganj.,Energy,CRITICAL
"Bridge approach road collapsed, leaving public transport buses stranded on ledge near Giridih.",Transportation,CRITICAL
"Government bus service to rural block Sahebganj canceled without notice, college students stranded.",Transportation,HIGH
"Bus stop shelter collapsed in heavy storm, commuters forced to stand on highway in rain in Jamtara.",Transportation,MEDIUM
Request for tree plantation drive along newly expanded 4-lane avenue in Koderma.,Environment,LOW
"Government ambulance dial 108 helpline not answering, pregnant patient died en route in Saraikela.",Healthcare,CRITICAL
Dead animal carcass found decaying inside the community drinking water overhead tank in Khunti.,Water Management,CRITICAL
"Dangerous potholes covering entire 5 km stretch of Ring Road, making emergency ambulance transit impossible.",Urban Infrastructure,HIGH
High voltage 11KV electrical wire snapped and lying alive on wet school pathway in Sahebganj.,Energy,CRITICAL
"Main municipal water pipeline exploded on Circular Road, flooding residential homes and cutting supply to 500 families.",Water Management,CRITICAL
Drinking water supply poisoned due to pesticide tank leakage near local water pump house.,Water Management,CRITICAL
Deforestation and unmonitored hill cutting leading to soil erosion onto roads during monsoons in Khunti.,Environment,MEDIUM
"Solar street light battery backup discharged, light turning off by 10 PM in Pakur.",Energy,LOW
Pedestrian subway flooded with 5 feet of stormwater and live electrical wires submerged in water.,Urban Infrastructure,CRITICAL
Frequent drunken brawls and stone pelting outside illegal country liquor shop near school in Jamtara.,Public Safety,HIGH
Free textbooks and uniforms under government educational scheme not distributed even 4 months after session start in Dhanbad.,Education,MEDIUM
"Street dustbin missing lid, stray dogs scattering waste in Koderma.",Sanitation,LOW
Slight brownish discoloration noticed in morning tap water for past two days in Dumka.,Water Management,LOW
Primary Health Centre in Khunti has no medical doctor present for the past 7 days.,Healthcare,HIGH
Stretcher and wheelchair wheels broken at entrance of government clinic in Jamshedpur.,Healthcare,MEDIUM
Primary Health Centre in Simdega has no medical doctor present for the past 4 days.,Healthcare,HIGH
Massive locust attack destroying standing wheat and mustard crops across 500 hectares in Jamtara.,Agriculture,CRITICAL
"Desks and benches broken, students forced to sit on damp concrete floor in school at Chaibasa.",Education,MEDIUM
Cholera and severe gastroenteritis outbreak reported due to sewage mixing in drinking water pipelines in Godda.,Water Management,CRITICAL
State transport bus operating with completely worn bald tires and failing hydraulic brakes on hill route near Garhwa.,Transportation,CRITICAL
CCTV cameras installed at main market intersection non-functional for past 6 months in Giridih.,Public Safety,MEDIUM
"Bridge approach road collapsed, leaving public transport buses stranded on ledge near Godda.",Transportation,CRITICAL
Public dustbins in market area Lohardaga broken and overflowing with plastic bags.,Sanitation,MEDIUM
CCTV cameras installed at main market intersection non-functional for past 6 months in Jamtara.,Public Safety,MEDIUM
Municipal sanitation sweepers have not visited colony Giridih for past 7 days.,Sanitation,MEDIUM
Slum settlement in Garhwa experiencing severe hepatitis outbreak due to open sewage pools.,Sanitation,CRITICAL
Bus timetable display screen broken at central bus stand in Giridih.,Transportation,LOW
"Underground electrical cable burnt, whole commercial market in total darkness for 4 days in Simdega.",Energy,HIGH
Water bill received has higher meter reading than actual consumption in Giridih.,Water Management,LOW
Damaged sluice valve cutting drinking water supply to entire commercial and residential district in Koderma.,Water Management,HIGH
High voltage 11KV electrical wire snapped and lying alive on wet school pathway in Hazaribagh.,Energy,CRITICAL
Surgeon and anesthesiologist absent during critical trauma patient admission at civil hospital Sahebganj.,Healthcare,CRITICAL
Fake and counterfeit antibiotics distributed through government pharmacy outlet in Jamshedpur.,Healthcare,CRITICAL
"Government bus service to rural block Gumla canceled without notice, college students stranded.",Transportation,HIGH
Water smells strongly like foul drainage water and looks muddy black from municipal connection in Ranchi.,Water Management,HIGH
"No electricity connection in rural school West Singhbhum, children sitting in dark classrooms in 43°C summer.",Education,HIGH
"Sinkhole formed suddenly in the middle of intersection near Jamshedpur, engulfing front of a delivery truck.",Urban Infrastructure,CRITICAL
Cholera and severe gastroenteritis outbreak reported due to sewage mixing in drinking water pipelines in Hazaribagh.,Water Management,CRITICAL
"Hazardous industrial gas leak from factory causing nausea, fainting, and breathing distress in surrounding village Khunti.",Environment,CRITICAL
Public drinking fountain near park in Jamtara has a slow leaky washer.,Water Management,LOW
"Stray cattle wandering on state highway Station Road, causing frequent motorcycle skids and collisions.",Public Safety,MEDIUM
"Classroom roof leaking severely during monsoon rain, destroying desks and textbooks in Chaibasa.",Education,HIGH
Agricultural irrigation feeder canal dry for 30 weeks during critical sowing season in Sahebganj.,Agriculture,HIGH
"Classroom roof leaking severely during monsoon rain, destroying desks and textbooks in Giridih.",Education,HIGH
"Pedestrian subway has zero lighting, non-functional CCTV, and zero police patrols, making it dangerous after dark in Lohardaga.",Public Safety,HIGH
Frequent sudden voltage spikes burning electronic LED appliances in colony Saraikela.,Energy,MEDIUM
"Community public RO purification plant in Gumla broken down for 20 weeks, no technician attending.",Water Management,HIGH
